"model_a","model_b","metric","repeat_id","model_a_estimate","model_b_estimate","raw_difference_a_minus_b","interpretation"
"primary_modern","historical_benchmark","auc",1,0.812185079611874,0.809133051164666,0.00305202844720853,"Raw paired difference; preferred direction depends on the metric."
"primary_modern","historical_benchmark","auc",2,0.805274826523855,0.805015692033054,0.000259134490800728,"Raw paired difference; preferred direction depends on the metric."
"primary_modern","historical_benchmark","auc",3,0.807549451498661,0.808585989461864,-0.00103653796320291,"Raw paired difference; preferred direction depends on the metric."
"primary_modern","historical_benchmark","auc",4,0.813164032132677,0.813279203017477,-0.000115170884800286,"Raw paired difference; preferred direction depends on the metric."
"primary_modern","historical_benchmark","auc",5,0.811148541648671,0.810054418243068,0.00109412340560311,"Raw paired difference; preferred direction depends on the metric."
"primary_modern","historical_benchmark","auc",6,0.813221617575077,0.812847312199476,0.000374305375601125,"Raw paired difference; preferred direction depends on the metric."
"primary_modern","historical_benchmark","auc",7,0.811522847024272,0.809694509228067,0.00182833779620506,"Raw paired difference; preferred direction depends on the metric."
"primary_modern","historical_benchmark","auc",8,0.808240476807463,0.807938153234862,0.000302323572600849,"Raw paired difference; preferred direction depends on the metric."
"primary_modern","historical_benchmark","auc",9,0.809536149261467,0.808211684086263,0.00132446517520368,"Raw paired difference; preferred direction depends on the metric."
"primary_modern","historical_benchmark","auc",10,0.808758745789064,0.806800840747459,0.00195790504160542,"Raw paired difference; preferred direction depends on the metric."
"primary_modern","historical_benchmark","auc",11,0.80731910972906,0.807736604186462,-0.000417494457401135,"Raw paired difference; preferred direction depends on the metric."
"primary_modern","historical_benchmark","auc",12,0.811781981515073,0.809809680112867,0.0019723014022055,"Raw paired difference; preferred direction depends on the metric."
"primary_modern","historical_benchmark","auc",13,0.81065906538827,0.809348996573666,0.0013100688146036,"Raw paired difference; preferred direction depends on the metric."
"primary_modern","historical_benchmark","auc",14,0.809708905588667,0.808859520313265,0.000849385275402348,"Raw paired difference; preferred direction depends on the metric."
"primary_modern","historical_benchmark","auc",15,0.812559384987475,0.81071665083067,0.00184273415680514,"Raw paired difference; preferred direction depends on the metric."
"primary_modern","historical_benchmark","auc",16,0.808470818577064,0.804814142984653,0.00365667559241023,"Raw paired difference; preferred direction depends on the metric."
"primary_modern","historical_benchmark","auc",17,0.81411419193228,0.814977973568282,-0.000863781636002425,"Raw paired difference; preferred direction depends on the metric."
"primary_modern","historical_benchmark","auc",18,0.809939247358268,0.813466355705278,-0.00352710834700987,"Raw paired difference; preferred direction depends on the metric."
"primary_modern","historical_benchmark","auc",19,0.803086579712649,0.808053324119663,-0.00496674440701395,"Raw paired difference; preferred direction depends on the metric."
"primary_modern","historical_benchmark","auc",20,0.805044484754254,0.804929313869454,0.000115170884800397,"Raw paired difference; preferred direction depends on the metric."
"primary_modern","historical_benchmark","brier",1,0.171987792784885,0.172843685501965,-0.000855892717079698,"Raw paired difference; preferred direction depends on the metric."
"primary_modern","historical_benchmark","brier",2,0.175389038191729,0.175883413772202,-0.000494375580473633,"Raw paired difference; preferred direction depends on the metric."
"primary_modern","historical_benchmark","brier",3,0.173962316183686,0.17320343406099,0.000758882122695731,"Raw paired difference; preferred direction depends on the metric."
"primary_modern","historical_benchmark","brier",4,0.171839124972383,0.171461150073906,0.000377974898477407,"Raw paired difference; preferred direction depends on the metric."
"primary_modern","historical_benchmark","brier",5,0.172424477014284,0.172640854862421,-0.000216377848136551,"Raw paired difference; preferred direction depends on the metric."
"primary_modern","historical_benchmark","brier",6,0.170899495613014,0.171048509810193,-0.000149014197179248,"Raw paired difference; preferred direction depends on the metric."
"primary_modern","historical_benchmark","brier",7,0.172199734443482,0.173291279185015,-0.0010915447415325,"Raw paired difference; preferred direction depends on the metric."
"primary_modern","historical_benchmark","brier",8,0.173900858745733,0.173625571584778,0.000275287160954679,"Raw paired difference; preferred direction depends on the metric."
"primary_modern","historical_benchmark","brier",9,0.173257396540864,0.174116891238132,-0.000859494697267899,"Raw paired difference; preferred direction depends on the metric."
"primary_modern","historical_benchmark","brier",10,0.174578736717456,0.174833899384794,-0.000255162667338216,"Raw paired difference; preferred direction depends on the metric."
"primary_modern","historical_benchmark","brier",11,0.174076126652669,0.17361161887222,0.000464507780449458,"Raw paired difference; preferred direction depends on the metric."
"primary_modern","historical_benchmark","brier",12,0.172177793076781,0.172157432816187,2.03602605939879e-05,"Raw paired difference; preferred direction depends on the metric."
"primary_modern","historical_benchmark","brier",13,0.172868758225288,0.173121247102264,-0.000252488876976265,"Raw paired difference; preferred direction depends on the metric."
"primary_modern","historical_benchmark","brier",14,0.172830657207411,0.172486367924868,0.000344289282542876,"Raw paired difference; preferred direction depends on the metric."
"primary_modern","historical_benchmark","brier",15,0.172121281741565,0.172825405783301,-0.000704124041735588,"Raw paired difference; preferred direction depends on the metric."
"primary_modern","historical_benchmark","brier",16,0.173587265911178,0.174942606063481,-0.00135534015230221,"Raw paired difference; preferred direction depends on the metric."
"primary_modern","historical_benchmark","brier",17,0.171004813697954,0.17092047757125,8.43361267034715e-05,"Raw paired difference; preferred direction depends on the metric."
"primary_modern","historical_benchmark","brier",18,0.172786429603392,0.17185056809904,0.000935861504352015,"Raw paired difference; preferred direction depends on the metric."
"primary_modern","historical_benchmark","brier",19,0.175734066421976,0.17392835837913,0.00180570804284608,"Raw paired difference; preferred direction depends on the metric."
"primary_modern","historical_benchmark","brier",20,0.174332834407047,0.174187922418954,0.000144911988093244,"Raw paired difference; preferred direction depends on the metric."
"primary_modern","historical_benchmark","log_loss",1,0.515776618601731,0.516932626626509,-0.001156008024778,"Raw paired difference; preferred direction depends on the metric."
"primary_modern","historical_benchmark","log_loss",2,0.526734350396397,0.528130387747119,-0.00139603735072169,"Raw paired difference; preferred direction depends on the metric."
"primary_modern","historical_benchmark","log_loss",3,0.520233354307193,0.518121011637426,0.00211234266976756,"Raw paired difference; preferred direction depends on the metric."
"primary_modern","historical_benchmark","log_loss",4,0.515760608219285,0.51387151991345,0.0018890883058349,"Raw paired difference; preferred direction depends on the metric."
"primary_modern","historical_benchmark","log_loss",5,0.517920060474541,0.517546784759543,0.000373275714998234,"Raw paired difference; preferred direction depends on the metric."
"primary_modern","historical_benchmark","log_loss",6,0.51396916774392,0.513234740562091,0.000734427181828479,"Raw paired difference; preferred direction depends on the metric."
"primary_modern","historical_benchmark","log_loss",7,0.516944725521782,0.519278966864268,-0.0023342413424855,"Raw paired difference; preferred direction depends on the metric."
"primary_modern","historical_benchmark","log_loss",8,0.52167142156058,0.520147532200547,0.00152388936003323,"Raw paired difference; preferred direction depends on the metric."
"primary_modern","historical_benchmark","log_loss",9,0.519177356963561,0.521423887638301,-0.00224653067474001,"Raw paired difference; preferred direction depends on the metric."
"primary_modern","historical_benchmark","log_loss",10,0.522252934239245,0.522184507064656,6.84271745888809e-05,"Raw paired difference; preferred direction depends on the metric."
"primary_modern","historical_benchmark","log_loss",11,0.521739063981714,0.519517395018543,0.00222166896317133,"Raw paired difference; preferred direction depends on the metric."
"primary_modern","historical_benchmark","log_loss",12,0.516671511101402,0.516549428083378,0.000122083018023744,"Raw paired difference; preferred direction depends on the metric."
"primary_modern","historical_benchmark","log_loss",13,0.518319031813323,0.517924780693535,0.000394251119787858,"Raw paired difference; preferred direction depends on the metric."
"primary_modern","historical_benchmark","log_loss",14,0.519041472981528,0.516906003317425,0.00213546966410261,"Raw paired difference; preferred direction depends on the metric."
"primary_modern","historical_benchmark","log_loss",15,0.51535107581344,0.517202238929314,-0.00185116311587452,"Raw paired difference; preferred direction depends on the metric."
"primary_modern","historical_benchmark","log_loss",16,0.521140757611386,0.523803067633541,-0.00266231002215545,"Raw paired difference; preferred direction depends on the metric."
"primary_modern","historical_benchmark","log_loss",17,0.513214855892205,0.512641855919236,0.000572999972969557,"Raw paired difference; preferred direction depends on the metric."
"primary_modern","historical_benchmark","log_loss",18,0.519216106669136,0.516433657519667,0.00278244914946935,"Raw paired difference; preferred direction depends on the metric."
"primary_modern","historical_benchmark","log_loss",19,0.526645288784003,0.521524696501985,0.00512059228201811,"Raw paired difference; preferred direction depends on the metric."
"primary_modern","historical_benchmark","log_loss",20,0.523153295464583,0.522212048169637,0.000941247294945158,"Raw paired difference; preferred direction depends on the metric."
"primary_modern","historical_benchmark","calibration_intercept",1,-0.00391781420422804,-0.00462083416155395,0.000703019957325904,"Raw paired difference; preferred direction depends on the metric."
"primary_modern","historical_benchmark","calibration_intercept",2,0.010019559361403,0.00973734867238454,0.000282210689018451,"Raw paired difference; preferred direction depends on the metric."
"primary_modern","historical_benchmark","calibration_intercept",3,-0.000711249932906821,-0.00145394910247272,0.000742699169565895,"Raw paired difference; preferred direction depends on the metric."
"primary_modern","historical_benchmark","calibration_intercept",4,-0.00475924443255373,-0.00259239657944222,-0.00216684785311152,"Raw paired difference; preferred direction depends on the metric."
"primary_modern","historical_benchmark","calibration_intercept",5,0.00264716546975983,0.000768511070607929,0.0018786543991519,"Raw paired difference; preferred direction depends on the metric."
"primary_modern","historical_benchmark","calibration_intercept",6,0.00851939273275493,0.00697368186581969,0.00154571086693524,"Raw paired difference; preferred direction depends on the metric."
"primary_modern","historical_benchmark","calibration_intercept",7,-0.00734271825210745,-0.00901446366829004,0.00167174541618259,"Raw paired difference; preferred direction depends on the metric."
"primary_modern","historical_benchmark","calibration_intercept",8,-0.00962238456303404,-0.00660092887222915,-0.00302145569080489,"Raw paired difference; preferred direction depends on the metric."
"primary_modern","historical_benchmark","calibration_intercept",9,-0.00344193830179448,-0.000691072296843612,-0.00275086600495086,"Raw paired difference; preferred direction depends on the metric."
"primary_modern","historical_benchmark","calibration_intercept",10,-0.0101705278920866,-0.00845412571396626,-0.00171640217812035,"Raw paired difference; preferred direction depends on the metric."
"primary_modern","historical_benchmark","calibration_intercept",11,0.0023663486723233,0.00251474694209099,-0.000148398269767684,"Raw paired difference; preferred direction depends on the metric."
"primary_modern","historical_benchmark","calibration_intercept",12,-0.00340358898796341,-0.00233420035178756,-0.00106938863617585,"Raw paired difference; preferred direction depends on the metric."
"primary_modern","historical_benchmark","calibration_intercept",13,-0.00834239404279392,-0.00822154979394419,-0.000120844248849731,"Raw paired difference; preferred direction depends on the metric."
"primary_modern","historical_benchmark","calibration_intercept",14,-0.00639841489284338,-0.00585633483298015,-0.000542080059863234,"Raw paired difference; preferred direction depends on the metric."
"primary_modern","historical_benchmark","calibration_intercept",15,-0.00248678042868228,-0.00401312297736303,0.00152634254868075,"Raw paired difference; preferred direction depends on the metric."
"primary_modern","historical_benchmark","calibration_intercept",16,-0.00150481660117225,0.00183576097586485,-0.0033405775770371,"Raw paired difference; preferred direction depends on the metric."
"primary_modern","historical_benchmark","calibration_intercept",17,-0.00990288121159427,-0.0082713610447039,-0.00163152016689037,"Raw paired difference; preferred direction depends on the metric."
"primary_modern","historical_benchmark","calibration_intercept",18,0.00309516718576171,0.00102590542999072,0.00206926175577099,"Raw paired difference; preferred direction depends on the metric."
"primary_modern","historical_benchmark","calibration_intercept",19,-0.00396636878665364,-0.00347357944391112,-0.000492789342742523,"Raw paired difference; preferred direction depends on the metric."
"primary_modern","historical_benchmark","calibration_intercept",20,-0.00491373235078241,-0.00325668653823016,-0.00165704581255225,"Raw paired difference; preferred direction depends on the metric."
"primary_modern","historical_benchmark","calibration_slope",1,0.926361146851496,0.920596590294226,0.00576455655727037,"Raw paired difference; preferred direction depends on the metric."
"primary_modern","historical_benchmark","calibration_slope",2,0.885947478378812,0.882059514423579,0.00388796395523394,"Raw paired difference; preferred direction depends on the metric."
"primary_modern","historical_benchmark","calibration_slope",3,0.907556289253833,0.919527396322777,-0.0119711070689437,"Raw paired difference; preferred direction depends on the metric."
"primary_modern","historical_benchmark","calibration_slope",4,0.931009758502838,0.947392121318671,-0.0163823628158324,"Raw paired difference; preferred direction depends on the metric."
"primary_modern","historical_benchmark","calibration_slope",5,0.917011446540664,0.924918418453254,-0.00790697191259027,"Raw paired difference; preferred direction depends on the metric."
"primary_modern","historical_benchmark","calibration_slope",6,0.939673675833448,0.94873035088476,-0.0090566750513128,"Raw paired difference; preferred direction depends on the metric."
"primary_modern","historical_benchmark","calibration_slope",7,0.924852262476179,0.917593575147244,0.00725868732893542,"Raw paired difference; preferred direction depends on the metric."
"primary_modern","historical_benchmark","calibration_slope",8,0.893969691680768,0.901532369662516,-0.00756267798174826,"Raw paired difference; preferred direction depends on the metric."
"primary_modern","historical_benchmark","calibration_slope",9,0.920017828751799,0.914514129232003,0.0055036995197959,"Raw paired difference; preferred direction depends on the metric."
"primary_modern","historical_benchmark","calibration_slope",10,0.901200040250023,0.906921146947208,-0.0057211066971854,"Raw paired difference; preferred direction depends on the metric."
"primary_modern","historical_benchmark","calibration_slope",11,0.906720366362685,0.91935753989269,-0.0126371735300048,"Raw paired difference; preferred direction depends on the metric."
"primary_modern","historical_benchmark","calibration_slope",12,0.927459473253036,0.930531643008501,-0.0030721697554652,"Raw paired difference; preferred direction depends on the metric."
"primary_modern","historical_benchmark","calibration_slope",13,0.931095757879517,0.930252485558332,0.000843272321185529,"Raw paired difference; preferred direction depends on the metric."
"primary_modern","historical_benchmark","calibration_slope",14,0.912301976879714,0.926740794205333,-0.0144388173256189,"Raw paired difference; preferred direction depends on the metric."
"primary_modern","historical_benchmark","calibration_slope",15,0.930347679957668,0.925993868513389,0.00435381144427893,"Raw paired difference; preferred direction depends on the metric."
"primary_modern","historical_benchmark","calibration_slope",16,0.908039540662431,0.902724480729207,0.00531505993322434,"Raw paired difference; preferred direction depends on the metric."
"primary_modern","historical_benchmark","calibration_slope",17,0.932293770136409,0.943703950367793,-0.0114101802313841,"Raw paired difference; preferred direction depends on the metric."
"primary_modern","historical_benchmark","calibration_slope",18,0.91154911689642,0.92979741621038,-0.0182482993139598,"Raw paired difference; preferred direction depends on the metric."
"primary_modern","historical_benchmark","calibration_slope",19,0.881562403626859,0.908889000021254,-0.0273265963943949,"Raw paired difference; preferred direction depends on the metric."
"primary_modern","historical_benchmark","calibration_slope",20,0.890770219896597,0.903969506538093,-0.0131992866414965,"Raw paired difference; preferred direction depends on the metric."
"nonlinear_psa","primary_modern","auc",1,0.806052229996257,0.812185079611874,-0.00613284961561722,"Raw paired difference; preferred direction depends on the metric."
"nonlinear_psa","primary_modern","auc",2,0.799660245889839,0.805274826523855,-0.00561458063401565,"Raw paired difference; preferred direction depends on the metric."
"nonlinear_psa","primary_modern","auc",3,0.801934870864645,0.807549451498661,-0.00561458063401565,"Raw paired difference; preferred direction depends on the metric."
"nonlinear_psa","primary_modern","auc",4,0.809075465722265,0.813164032132677,-0.00408856641041144,"Raw paired difference; preferred direction depends on the metric."
"nonlinear_psa","primary_modern","auc",5,0.803863983185051,0.811148541648671,-0.00728455846362042,"Raw paired difference; preferred direction depends on the metric."
"nonlinear_psa","primary_modern","auc",6,0.810054418243068,0.813221617575077,-0.00316719933200893,"Raw paired difference; preferred direction depends on the metric."
"nonlinear_psa","primary_modern","auc",7,0.80717514612306,0.811522847024272,-0.00434770090121217,"Raw paired difference; preferred direction depends on the metric."
"nonlinear_psa","primary_modern","auc",8,0.802136419913046,0.808240476807463,-0.00610405689441706,"Raw paired difference; preferred direction depends on the metric."
"nonlinear_psa","primary_modern","auc",9,0.806397742650658,0.809536149261467,-0.00313840661080877,"Raw paired difference; preferred direction depends on the metric."
"nonlinear_psa","primary_modern","auc",10,0.804583801215053,0.808758745789064,-0.00417494457401169,"Raw paired difference; preferred direction depends on the metric."
"nonlinear_psa","primary_modern","auc",11,0.80369122685785,0.80731910972906,-0.00362788287121019,"Raw paired difference; preferred direction depends on the metric."
"nonlinear_psa","primary_modern","auc",12,0.80700238979586,0.811781981515073,-0.00477959171921338,"Raw paired difference; preferred direction depends on the metric."
"nonlinear_psa","primary_modern","auc",13,0.803777605021451,0.81065906538827,-0.00688146036681925,"Raw paired difference; preferred direction depends on the metric."
"nonlinear_psa","primary_modern","auc",14,0.805246033802655,0.809708905588667,-0.00446287178601246,"Raw paired difference; preferred direction depends on the metric."
"nonlinear_psa","primary_modern","auc",15,0.807491866056261,0.812559384987475,-0.00506751893121415,"Raw paired difference; preferred direction depends on the metric."
"nonlinear_psa","primary_modern","auc",16,0.802769859779448,0.808470818577064,-0.00570095879761601,"Raw paired difference; preferred direction depends on the metric."
"nonlinear_psa","primary_modern","auc",17,0.811666810630273,0.81411419193228,-0.00244738130200683,"Raw paired difference; preferred direction depends on the metric."
"nonlinear_psa","primary_modern","auc",18,0.808269269528663,0.809939247358268,-0.00166997782960465,"Raw paired difference; preferred direction depends on the metric."
"nonlinear_psa","primary_modern","auc",19,0.799516282283839,0.803086579712649,-0.00357029742880999,"Raw paired difference; preferred direction depends on the metric."
"nonlinear_psa","primary_modern","auc",20,0.802280383519046,0.805044484754254,-0.00276410123520776,"Raw paired difference; preferred direction depends on the metric."
"nonlinear_psa","primary_modern","brier",1,0.174055085408087,0.171987792784885,0.00206729262320196,"Raw paired difference; preferred direction depends on the metric."
"nonlinear_psa","primary_modern","brier",2,0.177389363409748,0.175389038191729,0.00200032521801891,"Raw paired difference; preferred direction depends on the metric."
"nonlinear_psa","primary_modern","brier",3,0.175629827043501,0.173962316183686,0.00166751085981556,"Raw paired difference; preferred direction depends on the metric."
"nonlinear_psa","primary_modern","brier",4,0.172697529022767,0.171839124972383,0.000858404050383288,"Raw paired difference; preferred direction depends on the metric."
"nonlinear_psa","primary_modern","brier",5,0.175714021080037,0.172424477014284,0.00328954406575208,"Raw paired difference; preferred direction depends on the metric."
"nonlinear_psa","primary_modern","brier",6,0.171926911719259,0.170899495613014,0.00102741610624524,"Raw paired difference; preferred direction depends on the metric."
"nonlinear_psa","primary_modern","brier",7,0.17385383837145,0.172199734443482,0.00165410392796755,"Raw paired difference; preferred direction depends on the metric."
"nonlinear_psa","primary_modern","brier",8,0.176030991697157,0.173900858745733,0.00213013295142445,"Raw paired difference; preferred direction depends on the metric."
"nonlinear_psa","primary_modern","brier",9,0.174499674713069,0.173257396540864,0.00124227817220476,"Raw paired difference; preferred direction depends on the metric."
"nonlinear_psa","primary_modern","brier",10,0.175400574616729,0.174578736717456,0.000821837899273037,"Raw paired difference; preferred direction depends on the metric."
"nonlinear_psa","primary_modern","brier",11,0.174649927773048,0.174076126652669,0.000573801120379164,"Raw paired difference; preferred direction depends on the metric."
"nonlinear_psa","primary_modern","brier",12,0.17346453600696,0.172177793076781,0.0012867429301793,"Raw paired difference; preferred direction depends on the metric."
"nonlinear_psa","primary_modern","brier",13,0.175221073712631,0.172868758225288,0.00235231548734249,"Raw paired difference; preferred direction depends on the metric."
"nonlinear_psa","primary_modern","brier",14,0.174376026759906,0.172830657207411,0.00154536955249476,"Raw paired difference; preferred direction depends on the metric."
"nonlinear_psa","primary_modern","brier",15,0.173749715859738,0.172121281741565,0.00162843411817265,"Raw paired difference; preferred direction depends on the metric."
"nonlinear_psa","primary_modern","brier",16,0.176221921623281,0.173587265911178,0.00263465571210214,"Raw paired difference; preferred direction depends on the metric."
"nonlinear_psa","primary_modern","brier",17,0.171421264654078,0.171004813697954,0.000416450956124303,"Raw paired difference; preferred direction depends on the metric."
"nonlinear_psa","primary_modern","brier",18,0.17349132637427,0.172786429603392,0.00070489677087826,"Raw paired difference; preferred direction depends on the metric."
"nonlinear_psa","primary_modern","brier",19,0.176996829817533,0.175734066421976,0.0012627633955572,"Raw paired difference; preferred direction depends on the metric."
"nonlinear_psa","primary_modern","brier",20,0.175483917467335,0.174332834407047,0.00115108306028799,"Raw paired difference; preferred direction depends on the metric."
"nonlinear_psa","primary_modern","log_loss",1,0.519701597484038,0.515776618601731,0.00392497888230692,"Raw paired difference; preferred direction depends on the metric."
"nonlinear_psa","primary_modern","log_loss",2,0.533884366241783,0.526734350396397,0.00715001584538577,"Raw paired difference; preferred direction depends on the metric."
"nonlinear_psa","primary_modern","log_loss",3,0.523399425454317,0.520233354307193,0.00316607114712364,"Raw paired difference; preferred direction depends on the metric."
"nonlinear_psa","primary_modern","log_loss",4,0.517244255158284,0.515760608219285,0.00148364693899949,"Raw paired difference; preferred direction depends on the metric."
"nonlinear_psa","primary_modern","log_loss",5,0.52908928344541,0.517920060474541,0.0111692229708688,"Raw paired difference; preferred direction depends on the metric."
"nonlinear_psa","primary_modern","log_loss",6,0.515886227137554,0.51396916774392,0.00191705939363429,"Raw paired difference; preferred direction depends on the metric."
"nonlinear_psa","primary_modern","log_loss",7,0.520469601711019,0.516944725521782,0.0035248761892368,"Raw paired difference; preferred direction depends on the metric."
"nonlinear_psa","primary_modern","log_loss",8,0.527050740192054,0.52167142156058,0.00537931863147356,"Raw paired difference; preferred direction depends on the metric."
"nonlinear_psa","primary_modern","log_loss",9,0.521993042342935,0.519177356963561,0.00281568537937427,"Raw paired difference; preferred direction depends on the metric."
"nonlinear_psa","primary_modern","log_loss",10,0.523018066976781,0.522252934239245,0.000765132737535867,"Raw paired difference; preferred direction depends on the metric."
"nonlinear_psa","primary_modern","log_loss",11,0.522639179101925,0.521739063981714,0.000900115120210598,"Raw paired difference; preferred direction depends on the metric."
"nonlinear_psa","primary_modern","log_loss",12,0.519488620369672,0.516671511101402,0.00281710926827083,"Raw paired difference; preferred direction depends on the metric."
"nonlinear_psa","primary_modern","log_loss",13,0.522566922882952,0.518319031813323,0.00424789106962864,"Raw paired difference; preferred direction depends on the metric."
"nonlinear_psa","primary_modern","log_loss",14,0.522136246767622,0.519041472981528,0.00309477378609413,"Raw paired difference; preferred direction depends on the metric."
"nonlinear_psa","primary_modern","log_loss",15,0.519540894874707,0.51535107581344,0.00418981906126659,"Raw paired difference; preferred direction depends on the metric."
"nonlinear_psa","primary_modern","log_loss",16,0.527680687458914,0.521140757611386,0.00653992984752838,"Raw paired difference; preferred direction depends on the metric."
"nonlinear_psa","primary_modern","log_loss",17,0.513121338424798,0.513214855892205,-9.35174674071559e-05,"Raw paired difference; preferred direction depends on the metric."
"nonlinear_psa","primary_modern","log_loss",18,0.519939313369959,0.519216106669136,0.000723206700822931,"Raw paired difference; preferred direction depends on the metric."
"nonlinear_psa","primary_modern","log_loss",19,0.528883234073576,0.526645288784003,0.00223794528957233,"Raw paired difference; preferred direction depends on the metric."
"nonlinear_psa","primary_modern","log_loss",20,0.525557337007559,0.523153295464583,0.00240404154297646,"Raw paired difference; preferred direction depends on the metric."
"nonlinear_psa","primary_modern","calibration_intercept",1,-0.00482601107022901,-0.00391781420422804,-0.000908196866000971,"Raw paired difference; preferred direction depends on the metric."
"nonlinear_psa","primary_modern","calibration_intercept",2,0.015173756150498,0.010019559361403,0.00515419678909503,"Raw paired difference; preferred direction depends on the metric."
"nonlinear_psa","primary_modern","calibration_intercept",3,0.000461391757424393,-0.000711249932906821,0.00117264169033121,"Raw paired difference; preferred direction depends on the metric."
"nonlinear_psa","primary_modern","calibration_intercept",4,-0.00722958035632978,-0.00475924443255373,-0.00247033592377605,"Raw paired difference; preferred direction depends on the metric."
"nonlinear_psa","primary_modern","calibration_intercept",5,0.00751873683196169,0.00264716546975983,0.00487157136220186,"Raw paired difference; preferred direction depends on the metric."
"nonlinear_psa","primary_modern","calibration_intercept",6,0.016167279520043,0.00851939273275493,0.00764788678728805,"Raw paired difference; preferred direction depends on the metric."
"nonlinear_psa","primary_modern","calibration_intercept",7,-0.00792217982351318,-0.00734271825210745,-0.000579461571405727,"Raw paired difference; preferred direction depends on the metric."
"nonlinear_psa","primary_modern","calibration_intercept",8,-0.0146262233610045,-0.00962238456303404,-0.0050038387979705,"Raw paired difference; preferred direction depends on the metric."
"nonlinear_psa","primary_modern","calibration_intercept",9,-0.00335951623608639,-0.00344193830179448,8.24220657080882e-05,"Raw paired difference; preferred direction depends on the metric."
"nonlinear_psa","primary_modern","calibration_intercept",10,-0.00874669209064072,-0.0101705278920866,0.00142383580144589,"Raw paired difference; preferred direction depends on the metric."
"nonlinear_psa","primary_modern","calibration_intercept",11,0.000397886344056866,0.0023663486723233,-0.00196846232826644,"Raw paired difference; preferred direction depends on the metric."
"nonlinear_psa","primary_modern","calibration_intercept",12,-0.00616071547070386,-0.00340358898796341,-0.00275712648274045,"Raw paired difference; preferred direction depends on the metric."
"nonlinear_psa","primary_modern","calibration_intercept",13,-0.0108385657553774,-0.00834239404279392,-0.00249617171258349,"Raw paired difference; preferred direction depends on the metric."
"nonlinear_psa","primary_modern","calibration_intercept",14,-0.00698692426187691,-0.00639841489284338,-0.000588509369033534,"Raw paired difference; preferred direction depends on the metric."
"nonlinear_psa","primary_modern","calibration_intercept",15,-0.00369395169079136,-0.00248678042868228,-0.00120717126210908,"Raw paired difference; preferred direction depends on the metric."
"nonlinear_psa","primary_modern","calibration_intercept",16,0.00128912868024074,-0.00150481660117225,0.00279394528141299,"Raw paired difference; preferred direction depends on the metric."
"nonlinear_psa","primary_modern","calibration_intercept",17,-0.0119546153352394,-0.00990288121159427,-0.00205173412364514,"Raw paired difference; preferred direction depends on the metric."
"nonlinear_psa","primary_modern","calibration_intercept",18,0.00601297658599355,0.00309516718576171,0.00291780940023184,"Raw paired difference; preferred direction depends on the metric."
"nonlinear_psa","primary_modern","calibration_intercept",19,-0.000325796092243139,-0.00396636878665364,0.0036405726944105,"Raw paired difference; preferred direction depends on the metric."
"nonlinear_psa","primary_modern","calibration_intercept",20,-0.0124970889252038,-0.00491373235078241,-0.00758335657442137,"Raw paired difference; preferred direction depends on the metric."
"nonlinear_psa","primary_modern","calibration_slope",1,0.891440671077032,0.926361146851496,-0.0349204757744648,"Raw paired difference; preferred direction depends on the metric."
"nonlinear_psa","primary_modern","calibration_slope",2,0.838998927256478,0.885947478378812,-0.0469485511223343,"Raw paired difference; preferred direction depends on the metric."
"nonlinear_psa","primary_modern","calibration_slope",3,0.878896119204142,0.907556289253833,-0.0286601700496906,"Raw paired difference; preferred direction depends on the metric."
"nonlinear_psa","primary_modern","calibration_slope",4,0.910519678002176,0.931009758502838,-0.0204900805006625,"Raw paired difference; preferred direction depends on the metric."
"nonlinear_psa","primary_modern","calibration_slope",5,0.852470413285287,0.917011446540664,-0.0645410332553773,"Raw paired difference; preferred direction depends on the metric."
"nonlinear_psa","primary_modern","calibration_slope",6,0.913954435819327,0.939673675833448,-0.0257192400141205,"Raw paired difference; preferred direction depends on the metric."
"nonlinear_psa","primary_modern","calibration_slope",7,0.890973299780341,0.924852262476179,-0.0338789626958382,"Raw paired difference; preferred direction depends on the metric."
"nonlinear_psa","primary_modern","calibration_slope",8,0.858351866467603,0.893969691680768,-0.0356178252131649,"Raw paired difference; preferred direction depends on the metric."
"nonlinear_psa","primary_modern","calibration_slope",9,0.89308107883897,0.920017828751799,-0.0269367499128295,"Raw paired difference; preferred direction depends on the metric."
"nonlinear_psa","primary_modern","calibration_slope",10,0.883340704490738,0.901200040250023,-0.0178593357592849,"Raw paired difference; preferred direction depends on the metric."
"nonlinear_psa","primary_modern","calibration_slope",11,0.889404318919084,0.906720366362685,-0.0173160474436015,"Raw paired difference; preferred direction depends on the metric."
"nonlinear_psa","primary_modern","calibration_slope",12,0.897993626808912,0.927459473253036,-0.0294658464441238,"Raw paired difference; preferred direction depends on the metric."
"nonlinear_psa","primary_modern","calibration_slope",13,0.89279268564491,0.931095757879517,-0.038303072234607,"Raw paired difference; preferred direction depends on the metric."
"nonlinear_psa","primary_modern","calibration_slope",14,0.881653795230037,0.912301976879714,-0.0306481816496768,"Raw paired difference; preferred direction depends on the metric."
"nonlinear_psa","primary_modern","calibration_slope",15,0.897981504704578,0.930347679957668,-0.0323661752530904,"Raw paired difference; preferred direction depends on the metric."
"nonlinear_psa","primary_modern","calibration_slope",16,0.8637108342457,0.908039540662431,-0.0443287064167314,"Raw paired difference; preferred direction depends on the metric."
"nonlinear_psa","primary_modern","calibration_slope",17,0.916169172721339,0.932293770136409,-0.0161245974150698,"Raw paired difference; preferred direction depends on the metric."
"nonlinear_psa","primary_modern","calibration_slope",18,0.893064904707631,0.91154911689642,-0.0184842121887888,"Raw paired difference; preferred direction depends on the metric."
"nonlinear_psa","primary_modern","calibration_slope",19,0.85814130920684,0.881562403626859,-0.0234210944200194,"Raw paired difference; preferred direction depends on the metric."
"nonlinear_psa","primary_modern","calibration_slope",20,0.868611070796611,0.890770219896597,-0.0221591490999853,"Raw paired difference; preferred direction depends on the metric."
