"repeat_id","fold","model","analysis_observations","analysis_events","assessment_observations","assessment_events","converged","iterations","minimum_prediction","maximum_prediction"
1,1,"historical_benchmark",341,137,39,16,TRUE,5,0.0415509053767179,0.989847009681403
1,1,"primary_modern",341,137,39,16,TRUE,5,0.0188087817070177,0.974651283658346
1,1,"nonlinear_psa",341,137,39,16,TRUE,6,0.00822734617779869,0.982937135429039
1,2,"historical_benchmark",341,137,39,16,TRUE,5,0.000362171253345756,0.989798262749871
1,2,"primary_modern",341,137,39,16,TRUE,5,0.000151580546634893,0.964138562017138
1,2,"nonlinear_psa",341,137,39,16,TRUE,6,1.28530361695336e-05,0.972174682210485
1,3,"historical_benchmark",341,137,39,16,TRUE,5,0.000299451908880065,0.969457899289271
1,3,"primary_modern",341,137,39,16,TRUE,5,0.000423128814659475,0.944944566694539
1,3,"nonlinear_psa",341,137,39,16,TRUE,5,0.000412281773474969,0.964550312642225
1,4,"historical_benchmark",342,138,38,15,TRUE,5,0.0483946285415805,0.90092047687817
1,4,"primary_modern",342,138,38,15,TRUE,5,0.0314107192854431,0.905425409214012
1,4,"nonlinear_psa",342,138,38,15,TRUE,5,0.0292840231733835,0.901332162983599
1,5,"historical_benchmark",342,138,38,15,TRUE,5,0.0451830709316016,0.980359954739815
1,5,"primary_modern",342,138,38,15,TRUE,5,0.04072343958637,0.942728577925157
1,5,"nonlinear_psa",342,138,38,15,TRUE,5,0.0162461917098037,0.964321596447603
1,6,"historical_benchmark",342,138,38,15,TRUE,5,0.0487424140955831,0.999236375840324
1,6,"primary_modern",342,138,38,15,TRUE,5,0.0509462215993407,0.982937407271032
1,6,"nonlinear_psa",342,138,38,15,TRUE,6,0.0597572443519698,0.997192363768157
1,7,"historical_benchmark",342,138,38,15,TRUE,5,0.047738555862501,0.943663028105717
1,7,"primary_modern",342,138,38,15,TRUE,5,0.0661098820369839,0.951734141011406
1,7,"nonlinear_psa",342,138,38,15,TRUE,5,0.00711834512781378,0.939018327575744
1,8,"historical_benchmark",343,138,37,15,TRUE,5,0.0467908495326879,0.952705934889724
1,8,"primary_modern",343,138,37,15,TRUE,5,0.0431228056597535,0.957789390406386
1,8,"nonlinear_psa",343,138,37,15,TRUE,5,0.0407578321952698,0.947259690460831
1,9,"historical_benchmark",343,138,37,15,TRUE,5,0.0447035718363369,0.990408007211684
1,9,"primary_modern",343,138,37,15,TRUE,5,0.0410022965959414,0.943664872041251
1,9,"nonlinear_psa",343,138,37,15,TRUE,6,0.0508228679538308,0.978936954039301
1,10,"historical_benchmark",343,138,37,15,TRUE,5,0.069593780716534,0.97564340972102
1,10,"primary_modern",343,138,37,15,TRUE,5,0.04997114856896,0.971405874426266
1,10,"nonlinear_psa",343,138,37,15,TRUE,6,0.0158653387675874,0.974101309674627
2,1,"historical_benchmark",341,137,39,16,TRUE,5,0.0506870918114766,0.847403984128711
2,1,"primary_modern",341,137,39,16,TRUE,5,0.0618596038000134,0.836920081209182
2,1,"nonlinear_psa",341,137,39,16,TRUE,6,0.0283105897757408,0.834763136214656
2,2,"historical_benchmark",341,137,39,16,TRUE,5,0.0518539235591127,0.957580592937429
2,2,"primary_modern",341,137,39,16,TRUE,5,0.0295187502991266,0.867742094595366
2,2,"nonlinear_psa",341,137,39,16,TRUE,5,0.00349871646168953,0.940493556279838
2,3,"historical_benchmark",341,137,39,16,TRUE,5,0.052018437452836,0.988975570254153
2,3,"primary_modern",341,137,39,16,TRUE,5,0.0526931589227764,0.973495473568589
2,3,"nonlinear_psa",341,137,39,16,TRUE,5,0.0557411579954586,0.984062317724167
2,4,"historical_benchmark",342,138,38,15,TRUE,5,0.000288125219695571,0.905732648141132
2,4,"primary_modern",342,138,38,15,TRUE,5,0.000132648883007722,0.887871371725084
2,4,"nonlinear_psa",342,138,38,15,TRUE,5,2.25583647987995e-05,0.880103516754278
2,5,"historical_benchmark",342,138,38,15,TRUE,5,0.000294118051041094,0.916308069758174
2,5,"primary_modern",342,138,38,15,TRUE,5,0.000412928007674928,0.920319296908994
2,5,"nonlinear_psa",342,138,38,15,TRUE,5,0.000437509798972641,0.914085847302739
2,6,"historical_benchmark",342,138,38,15,TRUE,5,0.0411669311445917,0.998242025045272
2,6,"primary_modern",342,138,38,15,TRUE,5,0.0190360845981498,0.981945198640323
2,6,"nonlinear_psa",342,138,38,15,TRUE,5,0.0136842647836796,0.993463685659033
2,7,"historical_benchmark",342,138,38,15,TRUE,5,0.0542399957337066,0.971219885995699
2,7,"primary_modern",342,138,38,15,TRUE,5,0.0393248922275444,0.963132719547478
2,7,"nonlinear_psa",342,138,38,15,TRUE,5,0.0416938527904715,0.969554752443302
2,8,"historical_benchmark",343,138,37,15,TRUE,5,0.0281092295315002,0.98058990245835
2,8,"primary_modern",343,138,37,15,TRUE,5,0.022334641134628,0.965844470091621
2,8,"nonlinear_psa",343,138,37,15,TRUE,6,0.0255150010859799,0.975535409534885
2,9,"historical_benchmark",343,138,37,15,TRUE,5,0.0465741224198698,0.961087287699459
2,9,"primary_modern",343,138,37,15,TRUE,5,0.0533475889550215,0.933940454350926
2,9,"nonlinear_psa",343,138,37,15,TRUE,6,0.0484434444805533,0.958113748164915
2,10,"historical_benchmark",343,138,37,15,TRUE,5,0.0156341371637192,0.974715403953135
2,10,"primary_modern",343,138,37,15,TRUE,5,0.0191067540912073,0.971707608378751
2,10,"nonlinear_psa",343,138,37,15,TRUE,6,0.00339263032663499,0.968824407489248
3,1,"historical_benchmark",341,137,39,16,TRUE,5,0.0398537774178694,0.941907474881304
3,1,"primary_modern",341,137,39,16,TRUE,5,0.0247000758077862,0.949414082958273
3,1,"nonlinear_psa",341,137,39,16,TRUE,6,0.00496691967612884,0.935582935949453
3,2,"historical_benchmark",341,137,39,16,TRUE,5,0.025886860775619,0.845963896373434
3,2,"primary_modern",341,137,39,16,TRUE,5,0.0347852678561757,0.881599469141324
3,2,"nonlinear_psa",341,137,39,16,TRUE,6,0.024300453746066,0.83723695696435
3,3,"historical_benchmark",341,137,39,16,TRUE,5,0.041979266372388,0.973709676800463
3,3,"primary_modern",341,137,39,16,TRUE,5,0.0204032477098493,0.956904118310615
3,3,"nonlinear_psa",341,137,39,16,TRUE,5,0.00610343442704313,0.951407531814225
3,4,"historical_benchmark",342,138,38,15,TRUE,5,0.0607506799293406,0.989964469028119
3,4,"primary_modern",342,138,38,15,TRUE,5,0.0696100711051877,0.950457575027694
3,4,"nonlinear_psa",342,138,38,15,TRUE,5,0.0609568590091243,0.970414195880056
3,5,"historical_benchmark",342,138,38,15,TRUE,5,0.000390487394918054,0.976510043157106
3,5,"primary_modern",342,138,38,15,TRUE,5,0.000565411938705323,0.962589457496619
3,5,"nonlinear_psa",342,138,38,15,TRUE,6,0.000597058476640077,0.966468303631211
3,6,"historical_benchmark",342,138,38,15,TRUE,5,0.000172075985379822,0.987372073754779
3,6,"primary_modern",342,138,38,15,TRUE,5,8.73495096028417e-05,0.976276684503639
3,6,"nonlinear_psa",342,138,38,15,TRUE,5,1.30452356310715e-05,0.980905732045338
3,7,"historical_benchmark",342,138,38,15,TRUE,5,0.037726027320921,0.998170853994005
3,7,"primary_modern",342,138,38,15,TRUE,5,0.0180211516997153,0.978961449498486
3,7,"nonlinear_psa",342,138,38,15,TRUE,5,0.0109583944036448,0.99264301499048
3,8,"historical_benchmark",343,138,37,15,TRUE,5,0.0442403796462257,0.984224571849738
3,8,"primary_modern",343,138,37,15,TRUE,5,0.0435338136476529,0.958374765629868
3,8,"nonlinear_psa",343,138,37,15,TRUE,6,0.048055230587845,0.977712312808981
3,9,"historical_benchmark",343,138,37,15,TRUE,5,0.0523403376469024,0.845940547993852
3,9,"primary_modern",343,138,37,15,TRUE,5,0.0612106179968276,0.849132202723778
3,9,"nonlinear_psa",343,138,37,15,TRUE,5,0.0582031812768177,0.839330809975225
3,10,"historical_benchmark",343,138,37,15,TRUE,5,0.0402934065360496,0.945350735330019
3,10,"primary_modern",343,138,37,15,TRUE,5,0.0399329967480987,0.927749409449129
3,10,"nonlinear_psa",343,138,37,15,TRUE,5,0.00712111157192707,0.942309300138626
4,1,"historical_benchmark",341,137,39,16,TRUE,5,0.0829062563782337,0.960279193458252
4,1,"primary_modern",341,137,39,16,TRUE,5,0.0658397835975178,0.936572510495728
4,1,"nonlinear_psa",341,137,39,16,TRUE,6,0.0601053843296766,0.950911983455431
4,2,"historical_benchmark",341,137,39,16,TRUE,5,0.0503759008161173,0.925521947867647
4,2,"primary_modern",341,137,39,16,TRUE,5,0.0512798988486473,0.937394525329265
4,2,"nonlinear_psa",341,137,39,16,TRUE,5,0.0279372685675094,0.914911674404399
4,3,"historical_benchmark",341,137,39,16,TRUE,5,0.0416992463993242,0.998249369609498
4,3,"primary_modern",341,137,39,16,TRUE,5,0.0162855213204967,0.984801502456413
4,3,"nonlinear_psa",341,137,39,16,TRUE,6,0.00778790306561123,0.992724932093816
4,4,"historical_benchmark",342,138,38,15,TRUE,5,0.000440342202495756,0.966355493438622
4,4,"primary_modern",342,138,38,15,TRUE,5,0.00059866644037359,0.946061911077487
4,4,"nonlinear_psa",342,138,38,15,TRUE,5,0.000603407729575804,0.961561800746098
4,5,"historical_benchmark",342,138,38,15,TRUE,5,0.0447524792904712,0.957791594976925
4,5,"primary_modern",342,138,38,15,TRUE,5,0.0493592543218622,0.960720497809945
4,5,"nonlinear_psa",342,138,38,15,TRUE,6,0.0489476187139881,0.951934564975445
4,6,"historical_benchmark",342,138,38,15,TRUE,5,0.0452667802439739,0.963907314684709
4,6,"primary_modern",342,138,38,15,TRUE,5,0.0451059844762306,0.961718994004507
4,6,"nonlinear_psa",342,138,38,15,TRUE,5,0.0150822990872821,0.961801778715344
4,7,"historical_benchmark",342,138,38,15,TRUE,5,0.000507988133905667,0.829515334915617
4,7,"primary_modern",342,138,38,15,TRUE,4,0.000228018288509641,0.8376528494692
4,7,"nonlinear_psa",342,138,38,15,TRUE,6,1.2269566306154e-05,0.817595116566996
4,8,"historical_benchmark",343,138,37,15,TRUE,5,0.0415943331458028,0.990158917856985
4,8,"primary_modern",343,138,37,15,TRUE,5,0.0281231331451993,0.97790618754823
4,8,"nonlinear_psa",343,138,37,15,TRUE,6,0.0215653888039384,0.986539214000715
4,9,"historical_benchmark",343,138,37,15,TRUE,5,0.019976716189015,0.874629243741109
4,9,"primary_modern",343,138,37,15,TRUE,5,0.0252901087553295,0.862180564331121
4,9,"nonlinear_psa",343,138,37,15,TRUE,5,0.020774374629034,0.864409814690613
4,10,"historical_benchmark",343,138,37,15,TRUE,5,0.0404368354251818,0.989075372415974
4,10,"primary_modern",343,138,37,15,TRUE,5,0.0271594069914218,0.965622610565943
4,10,"nonlinear_psa",343,138,37,15,TRUE,5,0.00536234736889884,0.97393055182187
5,1,"historical_benchmark",341,137,39,16,TRUE,5,0.000243832588975393,0.910163132677636
5,1,"primary_modern",341,137,39,16,TRUE,5,0.000335805776706847,0.8666816870159
5,1,"nonlinear_psa",341,137,39,16,TRUE,6,7.9771190370398e-05,0.922242091344265
5,2,"historical_benchmark",341,137,39,16,TRUE,5,0.0384757667774648,0.982846630307661
5,2,"primary_modern",341,137,39,16,TRUE,5,0.0384118016580464,0.956012954832287
5,2,"nonlinear_psa",341,137,39,16,TRUE,5,0.044586698458491,0.950507826392953
5,3,"historical_benchmark",341,137,39,16,TRUE,5,0.0705693880612625,0.918626756095007
5,3,"primary_modern",341,137,39,16,TRUE,5,0.041449361175031,0.930572988031574
5,3,"nonlinear_psa",341,137,39,16,TRUE,6,0.0129202123702104,0.91047715981562
5,4,"historical_benchmark",342,138,38,15,TRUE,5,0.0440602756466839,0.939198032062111
5,4,"primary_modern",342,138,38,15,TRUE,5,0.0478343111239954,0.94545472707404
5,4,"nonlinear_psa",342,138,38,15,TRUE,5,0.0377260759801994,0.937565586275194
5,5,"historical_benchmark",342,138,38,15,TRUE,5,0.0203187364346579,0.989998084226635
5,5,"primary_modern",342,138,38,15,TRUE,5,0.0256039677411784,0.968134783458529
5,5,"nonlinear_psa",342,138,38,15,TRUE,5,0.0210879812795609,0.976172465292483
5,6,"historical_benchmark",342,138,38,15,TRUE,5,0.0473849807119261,0.95773864820195
5,6,"primary_modern",342,138,38,15,TRUE,5,0.0488056531535429,0.961098606340594
5,6,"nonlinear_psa",342,138,38,15,TRUE,6,0.0533874659738495,0.957184637816118
5,7,"historical_benchmark",342,138,38,15,TRUE,5,0.00045534926176337,0.953361954263332
5,7,"primary_modern",342,138,38,15,TRUE,4,0.000196889166773503,0.915414107336648
5,7,"nonlinear_psa",342,138,38,15,TRUE,5,4.8129283766531e-05,0.92071582321696
5,8,"historical_benchmark",343,138,37,15,TRUE,5,0.0402734740836755,0.987469343931744
5,8,"primary_modern",343,138,37,15,TRUE,5,0.0176820135227472,0.95288581008667
5,8,"nonlinear_psa",343,138,37,15,TRUE,5,0.0125507112971973,0.977184420670131
5,9,"historical_benchmark",343,138,37,15,TRUE,5,0.0491662044842739,0.997654329548414
5,9,"primary_modern",343,138,37,15,TRUE,5,0.0314790495206223,0.977518233893594
5,9,"nonlinear_psa",343,138,37,15,TRUE,5,0.0292433216771419,0.991263740222714
5,10,"historical_benchmark",343,138,37,15,TRUE,5,0.0442911374691837,0.992707531025347
5,10,"primary_modern",343,138,37,15,TRUE,5,0.031110126210374,0.951802572747417
5,10,"nonlinear_psa",343,138,37,15,TRUE,6,0.028798832941073,0.983937197731233
6,1,"historical_benchmark",341,137,39,16,TRUE,5,0.0399740190264,0.956216677392391
6,1,"primary_modern",341,137,39,16,TRUE,5,0.0409930740489037,0.962194111684483
6,1,"nonlinear_psa",341,137,39,16,TRUE,6,0.0490246420593011,0.951377837104458
6,2,"historical_benchmark",341,137,39,16,TRUE,5,0.080212830064358,0.994044840453835
6,2,"primary_modern",341,137,39,16,TRUE,5,0.0257064719830904,0.946691760581333
6,2,"nonlinear_psa",341,137,39,16,TRUE,5,0.00450836631285758,0.986733880004312
6,3,"historical_benchmark",341,137,39,16,TRUE,5,0.0437369330848097,0.963440895754479
6,3,"primary_modern",341,137,39,16,TRUE,5,0.0188516384270713,0.961901176673731
6,3,"nonlinear_psa",341,137,39,16,TRUE,5,0.0137166166432925,0.96268367735081
6,4,"historical_benchmark",342,138,38,15,TRUE,5,0.0493292618375439,0.944876723422134
6,4,"primary_modern",342,138,38,15,TRUE,5,0.0335759395127332,0.869157862099687
6,4,"nonlinear_psa",342,138,38,15,TRUE,6,0.0268041492757332,0.893616257521394
6,5,"historical_benchmark",342,138,38,15,TRUE,5,0.0430187316122682,0.990447830620244
6,5,"primary_modern",342,138,38,15,TRUE,5,0.0453823677785303,0.947004561669733
6,5,"nonlinear_psa",342,138,38,15,TRUE,6,0.0495069176945594,0.976893108460271
6,6,"historical_benchmark",342,138,38,15,TRUE,5,0.0841455266924064,0.943416136691153
6,6,"primary_modern",342,138,38,15,TRUE,5,0.0460606426949814,0.946398087440737
6,6,"nonlinear_psa",342,138,38,15,TRUE,6,0.0280392124119554,0.932439742669722
6,7,"historical_benchmark",342,138,38,15,TRUE,5,0.0482588864792187,0.960144690807504
6,7,"primary_modern",342,138,38,15,TRUE,5,0.0474404885753463,0.940238241691115
6,7,"nonlinear_psa",342,138,38,15,TRUE,6,0.0577778493442762,0.961156582598546
6,8,"historical_benchmark",343,138,37,15,TRUE,5,0.00050062500933602,0.898940898087497
6,8,"primary_modern",343,138,37,15,TRUE,4,0.000230046727586924,0.902901600040401
6,8,"nonlinear_psa",343,138,37,15,TRUE,5,5.46978391111224e-05,0.899291802960236
6,9,"historical_benchmark",343,138,37,15,TRUE,5,0.0207083838581696,0.990921189613974
6,9,"primary_modern",343,138,37,15,TRUE,5,0.0255277412813142,0.977482014084834
6,9,"nonlinear_psa",343,138,37,15,TRUE,5,0.017317397277907,0.986121688897115
6,10,"historical_benchmark",343,138,37,15,TRUE,5,0.000235357615827186,0.997568215525723
6,10,"primary_modern",343,138,37,15,TRUE,5,0.000324626209230568,0.9816055283247
6,10,"nonlinear_psa",343,138,37,15,TRUE,6,0.000340785289166441,0.992986604957303
7,1,"historical_benchmark",341,137,39,16,TRUE,5,0.0881192012245878,0.994106853494252
7,1,"primary_modern",341,137,39,16,TRUE,5,0.063703952854017,0.954996181019722
7,1,"nonlinear_psa",341,137,39,16,TRUE,5,0.0698618377062921,0.9837249310307
7,2,"historical_benchmark",341,137,39,16,TRUE,5,0.0589059669271306,0.965369965775753
7,2,"primary_modern",341,137,39,16,TRUE,5,0.0492116033328097,0.9637030277278
7,2,"nonlinear_psa",341,137,39,16,TRUE,5,0.0418260700358708,0.964093533417744
7,3,"historical_benchmark",341,137,39,16,TRUE,5,0.0304929087272255,0.995253817682036
7,3,"primary_modern",341,137,39,16,TRUE,5,0.0137901095609181,0.985043754032095
7,3,"nonlinear_psa",341,137,39,16,TRUE,6,0.00551288799209915,0.992364701134538
7,4,"historical_benchmark",342,138,38,15,TRUE,5,0.00044300053290522,0.968415167984253
7,4,"primary_modern",342,138,38,15,TRUE,5,0.000597899222846757,0.959475649315784
7,4,"nonlinear_psa",342,138,38,15,TRUE,5,0.000591693284454323,0.967848328106249
7,5,"historical_benchmark",342,138,38,15,TRUE,5,0.0465601826490004,0.991527001556663
7,5,"primary_modern",342,138,38,15,TRUE,5,0.0267184482672597,0.948380873797
7,5,"nonlinear_psa",342,138,38,15,TRUE,5,0.00448372337339439,0.977599790878131
7,6,"historical_benchmark",342,138,38,15,TRUE,5,0.0436214916453679,0.948810409857973
7,6,"primary_modern",342,138,38,15,TRUE,5,0.0303296892640997,0.93730296532448
7,6,"nonlinear_psa",342,138,38,15,TRUE,6,0.0228848557388352,0.943168203742215
7,7,"historical_benchmark",342,138,38,15,TRUE,5,0.0454689034463404,0.997221498090537
7,7,"primary_modern",342,138,38,15,TRUE,5,0.0430580443578502,0.980329979683103
7,7,"nonlinear_psa",342,138,38,15,TRUE,6,0.00352160865972146,0.99207209827733
7,8,"historical_benchmark",343,138,37,15,TRUE,5,0.000371757798524964,0.977483229418167
7,8,"primary_modern",343,138,37,15,TRUE,4,0.000167765018505931,0.934624913204862
7,8,"nonlinear_psa",343,138,37,15,TRUE,5,2.86762772049472e-05,0.968527207155148
7,9,"historical_benchmark",343,138,37,15,TRUE,5,0.0514402070778586,0.850616119591568
7,9,"primary_modern",343,138,37,15,TRUE,5,0.0527721507978708,0.862690475802049
7,9,"nonlinear_psa",343,138,37,15,TRUE,6,0.0615608028672657,0.865587062837366
7,10,"historical_benchmark",343,138,37,15,TRUE,5,0.0798802026272483,0.989742751133798
7,10,"primary_modern",343,138,37,15,TRUE,5,0.0371644958742192,0.917437747216948
7,10,"nonlinear_psa",343,138,37,15,TRUE,6,0.00451099081134687,0.971372779082337
8,1,"historical_benchmark",341,137,39,16,TRUE,5,0.000334521114517801,0.997186730518979
8,1,"primary_modern",341,137,39,16,TRUE,5,0.000415177676811556,0.980186245654859
8,1,"nonlinear_psa",341,137,39,16,TRUE,6,0.00044478443974034,0.994267473013632
8,2,"historical_benchmark",341,137,39,16,TRUE,5,0.0412212823583124,0.962989140678349
8,2,"primary_modern",341,137,39,16,TRUE,5,0.0437365297740828,0.896631630885957
8,2,"nonlinear_psa",341,137,39,16,TRUE,6,0.0492606542027503,0.935333557005073
8,3,"historical_benchmark",341,137,39,16,TRUE,5,0.0532142529405352,0.972513041982685
8,3,"primary_modern",341,137,39,16,TRUE,5,0.0550437567007541,0.966310981656217
8,3,"nonlinear_psa",341,137,39,16,TRUE,5,0.0613131291464697,0.968378857678995
8,4,"historical_benchmark",342,138,38,15,TRUE,5,0.0467985155402576,0.927894408043597
8,4,"primary_modern",342,138,38,15,TRUE,5,0.0356412603645318,0.866313860322106
8,4,"nonlinear_psa",342,138,38,15,TRUE,5,0.0164413230578806,0.902463244541222
8,5,"historical_benchmark",342,138,38,15,TRUE,5,0.000203746577685483,0.947412896145264
8,5,"primary_modern",342,138,38,15,TRUE,5,8.99214152598386e-05,0.955099549729501
8,5,"nonlinear_psa",342,138,38,15,TRUE,5,1.44608321770557e-05,0.942364148528382
8,6,"historical_benchmark",342,138,38,15,TRUE,5,0.0339779715917796,0.992420601748829
8,6,"primary_modern",342,138,38,15,TRUE,5,0.0172315830967327,0.978578594981374
8,6,"nonlinear_psa",342,138,38,15,TRUE,6,0.00774342683556151,0.98371630114144
8,7,"historical_benchmark",342,138,38,15,TRUE,5,0.0939249692121495,0.988863680981894
8,7,"primary_modern",342,138,38,15,TRUE,5,0.0516299785254104,0.973274656727214
8,7,"nonlinear_psa",342,138,38,15,TRUE,6,0.0250282676570474,0.983533719644259
8,8,"historical_benchmark",343,138,37,15,TRUE,5,0.0194031859035741,0.952798944261641
8,8,"primary_modern",343,138,37,15,TRUE,5,0.0171945227886101,0.958381777499284
8,8,"nonlinear_psa",343,138,37,15,TRUE,5,0.00567279465697972,0.953473548636809
8,9,"historical_benchmark",343,138,37,15,TRUE,5,0.0440687604938184,0.99522611472356
8,9,"primary_modern",343,138,37,15,TRUE,5,0.0457698061654076,0.946823426431517
8,9,"nonlinear_psa",343,138,37,15,TRUE,5,0.0550319043385146,0.989709373490538
8,10,"historical_benchmark",343,138,37,15,TRUE,5,0.0356937702043947,0.64763807641159
8,10,"primary_modern",343,138,37,15,TRUE,5,0.0233772869061507,0.704411874619582
8,10,"nonlinear_psa",343,138,37,15,TRUE,5,0.0253800342815626,0.64503173820298
9,1,"historical_benchmark",341,137,39,16,TRUE,5,0.0689549874112038,0.998019843019705
9,1,"primary_modern",341,137,39,16,TRUE,5,0.0253469878431612,0.981170312228091
9,1,"nonlinear_psa",341,137,39,16,TRUE,5,0.00926122562718489,0.991772510729217
9,2,"historical_benchmark",341,137,39,16,TRUE,5,0.0587418223115875,0.978028183962567
9,2,"primary_modern",341,137,39,16,TRUE,5,0.0572164748244634,0.941987347786718
9,2,"nonlinear_psa",341,137,39,16,TRUE,6,0.0605124918166399,0.962976538002759
9,3,"historical_benchmark",341,137,39,16,TRUE,5,0.000194814800412414,0.776193967438245
9,3,"primary_modern",341,137,39,16,TRUE,5,8.70229329440392e-05,0.821843783390285
9,3,"nonlinear_psa",341,137,39,16,TRUE,5,2.17694063808613e-05,0.80132081897956
9,4,"historical_benchmark",342,138,38,15,TRUE,5,0.0457170942377418,0.894835983103271
9,4,"primary_modern",342,138,38,15,TRUE,5,0.0315530243217733,0.893553765261895
9,4,"nonlinear_psa",342,138,38,15,TRUE,5,0.0301917217550552,0.884292831991003
9,5,"historical_benchmark",342,138,38,15,TRUE,5,0.000459365598621704,0.951514759747003
9,5,"primary_modern",342,138,38,15,TRUE,5,0.000635922155806273,0.900757479176677
9,5,"nonlinear_psa",342,138,38,15,TRUE,6,0.000669006527827129,0.926210699255847
9,6,"historical_benchmark",342,138,38,15,TRUE,5,0.041996342970605,0.98641050324842
9,6,"primary_modern",342,138,38,15,TRUE,5,0.0317385706380168,0.953069708123737
9,6,"nonlinear_psa",342,138,38,15,TRUE,6,0.0220768498221969,0.972762228710472
9,7,"historical_benchmark",342,138,38,15,TRUE,5,0.0417877249725405,0.993713809564798
9,7,"primary_modern",342,138,38,15,TRUE,5,0.0429741421265141,0.956882244059123
9,7,"nonlinear_psa",342,138,38,15,TRUE,6,0.0383915343758025,0.983784644969714
9,8,"historical_benchmark",343,138,37,15,TRUE,5,0.0444612314142573,0.97152489138517
9,8,"primary_modern",343,138,37,15,TRUE,5,0.0389744967430834,0.970198343565637
9,8,"nonlinear_psa",343,138,37,15,TRUE,5,0.0106679568437999,0.970463107106113
9,9,"historical_benchmark",343,138,37,15,TRUE,5,0.0514172833019961,0.969132757964314
9,9,"primary_modern",343,138,37,15,TRUE,5,0.0520683184583478,0.931847531495674
9,9,"nonlinear_psa",343,138,37,15,TRUE,5,0.0602735741659742,0.9540505477925
9,10,"historical_benchmark",343,138,37,15,TRUE,5,0.0488456369837339,0.975714881873497
9,10,"primary_modern",343,138,37,15,TRUE,5,0.050019398487036,0.927772208464565
9,10,"nonlinear_psa",343,138,37,15,TRUE,6,0.0608312089656783,0.952368881365501
10,1,"historical_benchmark",341,137,39,16,TRUE,5,0.0502275038706089,0.988949569407216
10,1,"primary_modern",341,137,39,16,TRUE,5,0.0536624148162668,0.972194330144793
10,1,"nonlinear_psa",341,137,39,16,TRUE,6,0.0244607333777916,0.985472675089778
10,2,"historical_benchmark",341,137,39,16,TRUE,5,0.000225697266472032,0.999284090101344
10,2,"primary_modern",341,137,39,16,TRUE,5,8.08017518019274e-05,0.989830399272966
10,2,"nonlinear_psa",341,137,39,16,TRUE,5,4.70432022331128e-05,0.995515383846363
10,3,"historical_benchmark",341,137,39,16,TRUE,5,0.0193012639497897,0.972270169777322
10,3,"primary_modern",341,137,39,16,TRUE,5,0.0242611035917949,0.965330107113469
10,3,"nonlinear_psa",341,137,39,16,TRUE,6,0.0191094414681588,0.968987164577072
10,4,"historical_benchmark",342,138,38,15,TRUE,5,0.0478079043983452,0.965233984024147
10,4,"primary_modern",342,138,38,15,TRUE,5,0.0321464442671273,0.964007007320003
10,4,"nonlinear_psa",342,138,38,15,TRUE,5,0.00514093240476559,0.96357921558297
10,5,"historical_benchmark",342,138,38,15,TRUE,5,0.0389310467701923,0.988804389114434
10,5,"primary_modern",342,138,38,15,TRUE,5,0.0360149549534165,0.94731878555994
10,5,"nonlinear_psa",342,138,38,15,TRUE,6,0.01268948093088,0.971792724955083
10,6,"historical_benchmark",342,138,38,15,TRUE,5,0.000140459952650549,0.961877581634291
10,6,"primary_modern",342,138,38,15,TRUE,5,0.000191552722595888,0.965581372727409
10,6,"nonlinear_psa",342,138,38,15,TRUE,6,0.000195527245780438,0.957480822034053
10,7,"historical_benchmark",342,138,38,15,TRUE,5,0.0518934062089466,0.798931892753264
10,7,"primary_modern",342,138,38,15,TRUE,5,0.0489583586408241,0.773077153430199
10,7,"nonlinear_psa",342,138,38,15,TRUE,5,0.0437896727799324,0.754095941230769
10,8,"historical_benchmark",343,138,37,15,TRUE,5,0.044173898733033,0.969435635502375
10,8,"primary_modern",343,138,37,15,TRUE,5,0.0196652601408176,0.9531339614004
10,8,"nonlinear_psa",343,138,37,15,TRUE,6,0.00945676883998921,0.970269414181739
10,9,"historical_benchmark",343,138,37,15,TRUE,5,0.0494958366477853,0.918760440553016
10,9,"primary_modern",343,138,37,15,TRUE,5,0.0463110528405048,0.91565457965767
10,9,"nonlinear_psa",343,138,37,15,TRUE,6,0.0356966745750804,0.910968535645412
10,10,"historical_benchmark",343,138,37,15,TRUE,5,0.0458438025772441,0.991250514263136
10,10,"primary_modern",343,138,37,15,TRUE,5,0.0513480644737172,0.950653817219328
10,10,"nonlinear_psa",343,138,37,15,TRUE,5,0.0588893414098339,0.978299793651861
11,1,"historical_benchmark",341,137,39,16,TRUE,5,0.0425555335066844,0.998384534909143
11,1,"primary_modern",341,137,39,16,TRUE,5,0.0416380848844952,0.986525352316695
11,1,"nonlinear_psa",341,137,39,16,TRUE,5,0.0331384494764217,0.995030868786706
11,2,"historical_benchmark",341,137,39,16,TRUE,5,0.0757492244495871,0.843275094137921
11,2,"primary_modern",341,137,39,16,TRUE,5,0.0434123034473333,0.839455495131634
11,2,"nonlinear_psa",341,137,39,16,TRUE,6,0.0357210305882479,0.820459316730285
11,3,"historical_benchmark",341,137,39,16,TRUE,5,0.0394305455452535,0.964844180293943
11,3,"primary_modern",341,137,39,16,TRUE,5,0.0255836033984272,0.963993413649153
11,3,"nonlinear_psa",341,137,39,16,TRUE,6,0.0204601910111271,0.961743400423908
11,4,"historical_benchmark",342,138,38,15,TRUE,5,0.0378578669679662,0.77716111131707
11,4,"primary_modern",342,138,38,15,TRUE,5,0.0281149137883393,0.795092103396392
11,4,"nonlinear_psa",342,138,38,15,TRUE,5,0.00867017712442323,0.761985470470287
11,5,"historical_benchmark",342,138,38,15,TRUE,5,0.0452829503895299,0.992283654592749
11,5,"primary_modern",342,138,38,15,TRUE,5,0.0217464145996521,0.977856302961544
11,5,"nonlinear_psa",342,138,38,15,TRUE,5,0.012623259209891,0.986681431871692
11,6,"historical_benchmark",342,138,38,15,TRUE,5,0.0389789190438663,0.891291786092581
11,6,"primary_modern",342,138,38,15,TRUE,5,0.0385299198259111,0.902343042790008
11,6,"nonlinear_psa",342,138,38,15,TRUE,5,0.0245715046989403,0.889866844206983
11,7,"historical_benchmark",342,138,38,15,TRUE,5,0.000419520847745193,0.993325188226937
11,7,"primary_modern",342,138,38,15,TRUE,5,0.000556949894904462,0.950298861498122
11,7,"nonlinear_psa",342,138,38,15,TRUE,6,0.000576284061265538,0.98304656804998
11,8,"historical_benchmark",343,138,37,15,TRUE,5,0.0480290200251111,0.991687669049841
11,8,"primary_modern",343,138,37,15,TRUE,5,0.0433027565948919,0.954166629641
11,8,"nonlinear_psa",343,138,37,15,TRUE,5,0.0505069956313129,0.9782765151914
11,9,"historical_benchmark",343,138,37,15,TRUE,5,0.000391982606064564,0.930225265060385
11,9,"primary_modern",343,138,37,15,TRUE,4,0.000181833339481477,0.937504243215983
11,9,"nonlinear_psa",343,138,37,15,TRUE,5,3.45662454083529e-05,0.921100221265153
11,10,"historical_benchmark",343,138,37,15,TRUE,5,0.045787775543185,0.981812089177927
11,10,"primary_modern",343,138,37,15,TRUE,5,0.0282143662516426,0.966313692373338
11,10,"nonlinear_psa",343,138,37,15,TRUE,6,0.0244875980744978,0.969270513840361
12,1,"historical_benchmark",341,137,39,16,TRUE,5,0.045963925842509,0.992829552092524
12,1,"primary_modern",341,137,39,16,TRUE,5,0.0271915082252278,0.969939651361848
12,1,"nonlinear_psa",341,137,39,16,TRUE,5,0.0126993952473484,0.982639756988303
12,2,"historical_benchmark",341,137,39,16,TRUE,5,0.000412784660376081,0.942390426437382
12,2,"primary_modern",341,137,39,16,TRUE,4,0.000196559835246611,0.945392327078527
12,2,"nonlinear_psa",341,137,39,16,TRUE,5,3.82375285066082e-05,0.929955548082873
12,3,"historical_benchmark",341,137,39,16,TRUE,5,0.000348026273208268,0.992210370140215
12,3,"primary_modern",341,137,39,16,TRUE,5,0.000519780328320696,0.967893077437199
12,3,"nonlinear_psa",341,137,39,16,TRUE,5,0.000524513584718811,0.972595358371806
12,4,"historical_benchmark",342,138,38,15,TRUE,5,0.0403556003215623,0.961467205499072
12,4,"primary_modern",342,138,38,15,TRUE,5,0.0196025726566508,0.956381286760123
12,4,"nonlinear_psa",342,138,38,15,TRUE,6,0.00525672500850894,0.95721314434142
12,5,"historical_benchmark",342,138,38,15,TRUE,5,0.0413288807819993,0.951844774048314
12,5,"primary_modern",342,138,38,15,TRUE,5,0.0277053167193122,0.935383409870019
12,5,"nonlinear_psa",342,138,38,15,TRUE,5,0.0149190123091685,0.946909940123763
12,6,"historical_benchmark",342,138,38,15,TRUE,5,0.0536159011545098,0.967331426719648
12,6,"primary_modern",342,138,38,15,TRUE,5,0.0593453973656562,0.966303129494985
12,6,"nonlinear_psa",342,138,38,15,TRUE,6,0.0545143587650033,0.96405323358097
12,7,"historical_benchmark",342,138,38,15,TRUE,5,0.0457179078702658,0.868195569153768
12,7,"primary_modern",342,138,38,15,TRUE,5,0.0434769233484737,0.905825992491712
12,7,"nonlinear_psa",342,138,38,15,TRUE,6,0.0126061227367093,0.876211728105995
12,8,"historical_benchmark",343,138,37,15,TRUE,5,0.0209790859582575,0.870412158738693
12,8,"primary_modern",343,138,37,15,TRUE,5,0.0279793709126413,0.89607956888066
12,8,"nonlinear_psa",343,138,37,15,TRUE,6,0.0232009503260878,0.874241724738625
12,9,"historical_benchmark",343,138,37,15,TRUE,5,0.032804483104204,0.997745792807815
12,9,"primary_modern",343,138,37,15,TRUE,5,0.0285919244201837,0.984763529112953
12,9,"nonlinear_psa",343,138,37,15,TRUE,6,0.0338151874321963,0.993387594425713
12,10,"historical_benchmark",343,138,37,15,TRUE,5,0.0484220214250716,0.98514558394318
12,10,"primary_modern",343,138,37,15,TRUE,5,0.0471438805956439,0.946351147794529
12,10,"nonlinear_psa",343,138,37,15,TRUE,6,0.0423861599945419,0.973207783830965
13,1,"historical_benchmark",341,137,39,16,TRUE,5,0.0416144980077085,0.961561294385788
13,1,"primary_modern",341,137,39,16,TRUE,5,0.0288421745631139,0.958776801311441
13,1,"nonlinear_psa",341,137,39,16,TRUE,5,0.026849728073683,0.959071105680692
13,2,"historical_benchmark",341,137,39,16,TRUE,5,0.049347137163169,0.984681736882277
13,2,"primary_modern",341,137,39,16,TRUE,5,0.0335314228429991,0.967505914060005
13,2,"nonlinear_psa",341,137,39,16,TRUE,5,0.00358795735801874,0.979747225824217
13,3,"historical_benchmark",341,137,39,16,TRUE,5,0.0640459347575458,0.996916388898871
13,3,"primary_modern",341,137,39,16,TRUE,5,0.0770954801001423,0.978937494648356
13,3,"nonlinear_psa",341,137,39,16,TRUE,6,0.0308082429034963,0.992095332869583
13,4,"historical_benchmark",342,138,38,15,TRUE,5,0.000219959659997604,0.884391918181885
13,4,"primary_modern",342,138,38,15,TRUE,5,0.000328775097734595,0.899070095249889
13,4,"nonlinear_psa",342,138,38,15,TRUE,6,0.000335327779307923,0.875642144204421
13,5,"historical_benchmark",342,138,38,15,TRUE,5,0.0537449031823564,0.993725835344737
13,5,"primary_modern",342,138,38,15,TRUE,5,0.0468402228518126,0.952930210919633
13,5,"nonlinear_psa",342,138,38,15,TRUE,5,0.0415912322142716,0.974504581964987
13,6,"historical_benchmark",342,138,38,15,TRUE,5,0.0485822788937691,0.950429983148812
13,6,"primary_modern",342,138,38,15,TRUE,5,0.0351639487404058,0.955261487534934
13,6,"nonlinear_psa",342,138,38,15,TRUE,6,0.0290268589924135,0.948202370812078
13,7,"historical_benchmark",342,138,38,15,TRUE,5,0.0296117091512417,0.992684351389559
13,7,"primary_modern",342,138,38,15,TRUE,5,0.0368543064499875,0.946976808901465
13,7,"nonlinear_psa",342,138,38,15,TRUE,5,0.0150449337320503,0.98422762224015
13,8,"historical_benchmark",343,138,37,15,TRUE,5,0.000200840167546245,0.874694850647081
13,8,"primary_modern",343,138,37,15,TRUE,5,8.71607697646366e-05,0.887417887715649
13,8,"nonlinear_psa",343,138,37,15,TRUE,5,1.54094164602109e-05,0.892816630110051
13,9,"historical_benchmark",343,138,37,15,TRUE,5,0.0437807605048724,0.967690911694696
13,9,"primary_modern",343,138,37,15,TRUE,5,0.0512813130106691,0.952765328223574
13,9,"nonlinear_psa",343,138,37,15,TRUE,6,0.0237531854741537,0.971874880731254
13,10,"historical_benchmark",343,138,37,15,TRUE,5,0.0348218119399117,0.840102248246341
13,10,"primary_modern",343,138,37,15,TRUE,5,0.0292022485828023,0.878278565982637
13,10,"nonlinear_psa",343,138,37,15,TRUE,6,0.0341957621840285,0.86387733739853
14,1,"historical_benchmark",341,137,39,16,TRUE,5,0.070891630351782,0.978356142907444
14,1,"primary_modern",341,137,39,16,TRUE,5,0.0434305613260393,0.971021932494454
14,1,"nonlinear_psa",341,137,39,16,TRUE,5,0.0343523912687274,0.970707729570671
14,2,"historical_benchmark",341,137,39,16,TRUE,5,0.0435227070525748,0.909482256093058
14,2,"primary_modern",341,137,39,16,TRUE,5,0.0413189023659202,0.921029259995079
14,2,"nonlinear_psa",341,137,39,16,TRUE,6,0.00769852390224678,0.923430827574931
14,3,"historical_benchmark",341,137,39,16,TRUE,5,0.0232370972768493,0.997953434229361
14,3,"primary_modern",341,137,39,16,TRUE,5,0.0315024585127937,0.982389558887721
14,3,"nonlinear_psa",341,137,39,16,TRUE,5,0.0167843032562246,0.989441477206444
14,4,"historical_benchmark",342,138,38,15,TRUE,5,0.0344188715741229,0.941866796188554
14,4,"primary_modern",342,138,38,15,TRUE,5,0.0199885970649282,0.950002490985152
14,4,"nonlinear_psa",342,138,38,15,TRUE,6,0.020328002766745,0.939951301157574
14,5,"historical_benchmark",342,138,38,15,TRUE,5,0.0393012413548738,0.972182150271618
14,5,"primary_modern",342,138,38,15,TRUE,5,0.0190423411381785,0.96535116018402
14,5,"nonlinear_psa",342,138,38,15,TRUE,6,0.00582074192447901,0.969379383497671
14,6,"historical_benchmark",342,138,38,15,TRUE,5,0.000354523232878661,0.991922634457131
14,6,"primary_modern",342,138,38,15,TRUE,5,0.000474215820255746,0.958144192344461
14,6,"nonlinear_psa",342,138,38,15,TRUE,5,0.000487441247566296,0.983713517576271
14,7,"historical_benchmark",342,138,38,15,TRUE,5,0.0436559668772456,0.962570863089544
14,7,"primary_modern",342,138,38,15,TRUE,5,0.0256038686634292,0.941335825131197
14,7,"nonlinear_psa",342,138,38,15,TRUE,5,0.00429371748936644,0.961797287488216
14,8,"historical_benchmark",343,138,37,15,TRUE,5,0.0431303793006199,0.990399100864796
14,8,"primary_modern",343,138,37,15,TRUE,5,0.0299258543659739,0.97465160166996
14,8,"nonlinear_psa",343,138,37,15,TRUE,5,0.0287236455615431,0.986930286596877
14,9,"historical_benchmark",343,138,37,15,TRUE,5,0.0486833939684558,0.980598911218229
14,9,"primary_modern",343,138,37,15,TRUE,5,0.0517749391722084,0.88234159513239
14,9,"nonlinear_psa",343,138,37,15,TRUE,5,0.0120981660078388,0.944129593952189
14,10,"historical_benchmark",343,138,37,15,TRUE,5,0.000436862337241616,0.944833783208977
14,10,"primary_modern",343,138,37,15,TRUE,4,0.000208859681346743,0.896553704677537
14,10,"nonlinear_psa",343,138,37,15,TRUE,5,4.98128570782107e-05,0.921391844357681
15,1,"historical_benchmark",341,137,39,16,TRUE,5,0.0411434087012152,0.806878145171696
15,1,"primary_modern",341,137,39,16,TRUE,5,0.0339946507939975,0.782282096497267
15,1,"nonlinear_psa",341,137,39,16,TRUE,6,0.0400739989537716,0.781449884808658
15,2,"historical_benchmark",341,137,39,16,TRUE,5,0.108784232825091,0.978628199445794
15,2,"primary_modern",341,137,39,16,TRUE,5,0.114715240113905,0.960831559037633
15,2,"nonlinear_psa",341,137,39,16,TRUE,6,0.0446048967981686,0.956784096054917
15,3,"historical_benchmark",341,137,39,16,TRUE,5,0.0399223203079314,0.972402371124201
15,3,"primary_modern",341,137,39,16,TRUE,5,0.028554233944124,0.972253795249996
15,3,"nonlinear_psa",341,137,39,16,TRUE,6,0.013301334386297,0.970063172974184
15,4,"historical_benchmark",342,138,38,15,TRUE,5,0.0397771571183305,0.997554310018847
15,4,"primary_modern",342,138,38,15,TRUE,5,0.0255368860439811,0.980899548976919
15,4,"nonlinear_psa",342,138,38,15,TRUE,6,0.0229047052692602,0.99248590936234
15,5,"historical_benchmark",342,138,38,15,TRUE,5,0.0262207828324391,0.989466661669097
15,5,"primary_modern",342,138,38,15,TRUE,5,0.0224269812720781,0.946121177066554
15,5,"nonlinear_psa",342,138,38,15,TRUE,5,0.0142028092954787,0.974358782767955
15,6,"historical_benchmark",342,138,38,15,TRUE,5,0.0978862101487119,0.96575724913862
15,6,"primary_modern",342,138,38,15,TRUE,5,0.0879750058763602,0.9503422324698
15,6,"nonlinear_psa",342,138,38,15,TRUE,5,0.0733240768385947,0.940662350374838
15,7,"historical_benchmark",342,138,38,15,TRUE,5,0.0506162585150211,0.985161909874334
15,7,"primary_modern",342,138,38,15,TRUE,5,0.0330080811472593,0.936997462491908
15,7,"nonlinear_psa",342,138,38,15,TRUE,6,0.00350762603296426,0.975069995778751
15,8,"historical_benchmark",343,138,37,15,TRUE,5,0.000329884750934752,0.883739928641444
15,8,"primary_modern",343,138,37,15,TRUE,5,0.000451906328159168,0.899755368023651
15,8,"nonlinear_psa",343,138,37,15,TRUE,5,0.000483593609875641,0.885833366312091
15,9,"historical_benchmark",343,138,37,15,TRUE,5,0.0495600274245199,0.981871193780863
15,9,"primary_modern",343,138,37,15,TRUE,5,0.0562560661783704,0.972636637343263
15,9,"nonlinear_psa",343,138,37,15,TRUE,6,0.0584464502057972,0.981377139503217
15,10,"historical_benchmark",343,138,37,15,TRUE,5,0.000388929550348108,0.904374434347114
15,10,"primary_modern",343,138,37,15,TRUE,4,0.000169991823112339,0.905238198018907
15,10,"nonlinear_psa",343,138,37,15,TRUE,5,4.83133679731026e-05,0.90180933974976
16,1,"historical_benchmark",341,137,39,16,TRUE,5,0.0439900311281812,0.975839428867054
16,1,"primary_modern",341,137,39,16,TRUE,5,0.0193757545419995,0.967498957262281
16,1,"nonlinear_psa",341,137,39,16,TRUE,6,0.00499762853011794,0.974239574697332
16,2,"historical_benchmark",341,137,39,16,TRUE,5,0.000384657113069091,0.967184389197244
16,2,"primary_modern",341,137,39,16,TRUE,5,0.000555751295327621,0.950132060291491
16,2,"nonlinear_psa",341,137,39,16,TRUE,6,0.000583849735091792,0.964367237366554
16,3,"historical_benchmark",341,137,39,16,TRUE,5,0.0340716134205517,0.806630584570852
16,3,"primary_modern",341,137,39,16,TRUE,5,0.0354708382672456,0.802298798541353
16,3,"nonlinear_psa",341,137,39,16,TRUE,5,0.0405499256238892,0.81606560394002
16,4,"historical_benchmark",342,138,38,15,TRUE,5,0.000188406197195915,0.953068026804035
16,4,"primary_modern",342,138,38,15,TRUE,5,8.85803427154009e-05,0.960366026046481
16,4,"nonlinear_psa",342,138,38,15,TRUE,5,2.64615972273714e-05,0.947419330870419
16,5,"historical_benchmark",342,138,38,15,TRUE,5,0.0436029825057221,0.946935061559442
16,5,"primary_modern",342,138,38,15,TRUE,5,0.019677947073775,0.951861323961623
16,5,"nonlinear_psa",342,138,38,15,TRUE,6,0.00351301293446783,0.93741871680432
16,6,"historical_benchmark",342,138,38,15,TRUE,5,0.0907443376470196,0.993988279955739
16,6,"primary_modern",342,138,38,15,TRUE,5,0.0636230148674562,0.981543005994305
16,6,"nonlinear_psa",342,138,38,15,TRUE,6,0.0211230646641064,0.986506891907542
16,7,"historical_benchmark",342,138,38,15,TRUE,5,0.0518775378938832,0.975284282103613
16,7,"primary_modern",342,138,38,15,TRUE,5,0.0458280929016001,0.937812462565253
16,7,"nonlinear_psa",342,138,38,15,TRUE,5,0.0449293696138046,0.967707400623053
16,8,"historical_benchmark",343,138,37,15,TRUE,5,0.0488015198800959,0.962104490147697
16,8,"primary_modern",343,138,37,15,TRUE,5,0.0308870030236918,0.96041174743848
16,8,"nonlinear_psa",343,138,37,15,TRUE,5,0.0295879998055727,0.959976538086213
16,9,"historical_benchmark",343,138,37,15,TRUE,5,0.0439297264904776,0.982639602051999
16,9,"primary_modern",343,138,37,15,TRUE,5,0.0310676923779978,0.888802612101327
16,9,"nonlinear_psa",343,138,37,15,TRUE,6,0.013238980285599,0.927924279252707
16,10,"historical_benchmark",343,138,37,15,TRUE,5,0.0480934413035253,0.989697434084765
16,10,"primary_modern",343,138,37,15,TRUE,5,0.052580274858988,0.976917102520131
16,10,"nonlinear_psa",343,138,37,15,TRUE,5,0.058679953822866,0.987441592646549
17,1,"historical_benchmark",341,137,39,16,TRUE,5,0.0440015194764475,0.974956980417254
17,1,"primary_modern",341,137,39,16,TRUE,5,0.0292726430783078,0.967213529325493
17,1,"nonlinear_psa",341,137,39,16,TRUE,5,0.0272291895013352,0.971619009260801
17,2,"historical_benchmark",341,137,39,16,TRUE,5,0.0550591372602662,0.998992122469734
17,2,"primary_modern",341,137,39,16,TRUE,5,0.0243474164794598,0.985620389270201
17,2,"nonlinear_psa",341,137,39,16,TRUE,5,0.00975834793622918,0.996456570512408
17,3,"historical_benchmark",341,137,39,16,TRUE,5,0.000387530893101789,0.974613973981463
17,3,"primary_modern",341,137,39,16,TRUE,5,0.00052108016700622,0.940669496422672
17,3,"nonlinear_psa",341,137,39,16,TRUE,6,0.000567996801140655,0.962744894044228
17,4,"historical_benchmark",342,138,38,15,TRUE,5,0.0213585200090643,0.974026181532504
17,4,"primary_modern",342,138,38,15,TRUE,5,0.0277528940124749,0.954096752559411
17,4,"nonlinear_psa",342,138,38,15,TRUE,6,0.0217901780439458,0.948416852256229
17,5,"historical_benchmark",342,138,38,15,TRUE,5,0.0445239040922847,0.892196340592996
17,5,"primary_modern",342,138,38,15,TRUE,5,0.0457119583829303,0.912035364012692
17,5,"nonlinear_psa",342,138,38,15,TRUE,5,0.0115995070591812,0.899723630964278
17,6,"historical_benchmark",342,138,38,15,TRUE,5,0.0506692883742416,0.987888223125645
17,6,"primary_modern",342,138,38,15,TRUE,5,0.053489783026051,0.933514823464313
17,6,"nonlinear_psa",342,138,38,15,TRUE,5,0.0443851528829424,0.974496885925287
17,7,"historical_benchmark",342,138,38,15,TRUE,5,0.000216552212668509,0.994220187375513
17,7,"primary_modern",342,138,38,15,TRUE,5,9.22308334580505e-05,0.981474715431987
17,7,"nonlinear_psa",342,138,38,15,TRUE,5,2.26329796109895e-05,0.990615158380841
17,8,"historical_benchmark",343,138,37,15,TRUE,5,0.0443964108720231,0.94608083069149
17,8,"primary_modern",343,138,37,15,TRUE,5,0.0330244008045927,0.927484683034046
17,8,"nonlinear_psa",343,138,37,15,TRUE,6,0.0235903117453343,0.941413524391831
17,9,"historical_benchmark",343,138,37,15,TRUE,5,0.0452130004736859,0.920873521783793
17,9,"primary_modern",343,138,37,15,TRUE,5,0.0293377644246032,0.918664636404162
17,9,"nonlinear_psa",343,138,37,15,TRUE,5,0.0300345718753997,0.921635294934874
17,10,"historical_benchmark",343,138,37,15,TRUE,5,0.0432592530931843,0.972400572405527
17,10,"primary_modern",343,138,37,15,TRUE,5,0.0512297341052732,0.970292846486181
17,10,"nonlinear_psa",343,138,37,15,TRUE,6,0.0497630745560815,0.969848093954253
18,1,"historical_benchmark",341,137,39,16,TRUE,5,0.000298421903155921,0.996196203237953
18,1,"primary_modern",341,137,39,16,TRUE,4,0.000155102907855194,0.975827665070268
18,1,"nonlinear_psa",341,137,39,16,TRUE,5,2.88252014916405e-05,0.992415887210213
18,2,"historical_benchmark",341,137,39,16,TRUE,5,0.0444160626107516,0.873063430788445
18,2,"primary_modern",341,137,39,16,TRUE,5,0.0314181726358109,0.898235578378353
18,2,"nonlinear_psa",341,137,39,16,TRUE,5,0.0187502377051297,0.877938962329685
18,3,"historical_benchmark",341,137,39,16,TRUE,5,0.0382780929126161,0.991861894918116
18,3,"primary_modern",341,137,39,16,TRUE,5,0.0193724238697454,0.963093352012172
18,3,"nonlinear_psa",341,137,39,16,TRUE,5,0.0105445850213471,0.976220916931521
18,4,"historical_benchmark",342,138,38,15,TRUE,5,0.0271559173345243,0.993411181551033
18,4,"primary_modern",342,138,38,15,TRUE,5,0.0338948413921219,0.968063713532071
18,4,"nonlinear_psa",342,138,38,15,TRUE,5,0.0116857238855672,0.982989759108555
18,5,"historical_benchmark",342,138,38,15,TRUE,5,0.0392156032761276,0.987003869059998
18,5,"primary_modern",342,138,38,15,TRUE,5,0.0410262234024063,0.919601759455481
18,5,"nonlinear_psa",342,138,38,15,TRUE,6,0.0453884853001303,0.958825469883716
18,6,"historical_benchmark",342,138,38,15,TRUE,5,0.0537587542347257,0.931710439166602
18,6,"primary_modern",342,138,38,15,TRUE,5,0.0629915666608233,0.915176124351583
18,6,"nonlinear_psa",342,138,38,15,TRUE,6,0.0632844854641254,0.922856061774365
18,7,"historical_benchmark",342,138,38,15,TRUE,5,0.0354499390905176,0.816360246485223
18,7,"primary_modern",342,138,38,15,TRUE,5,0.0233734107880345,0.862039007966082
18,7,"nonlinear_psa",342,138,38,15,TRUE,6,0.0216979931525951,0.841798117311745
18,8,"historical_benchmark",343,138,37,15,TRUE,5,0.000304771553177258,0.991656122687618
18,8,"primary_modern",343,138,37,15,TRUE,5,0.000398119706507241,0.980059345375056
18,8,"nonlinear_psa",343,138,37,15,TRUE,6,0.000444670838159822,0.986969587712146
18,9,"historical_benchmark",343,138,37,15,TRUE,5,0.0423782565737304,0.967607018080516
18,9,"primary_modern",343,138,37,15,TRUE,5,0.0420750077112361,0.950765891872963
18,9,"nonlinear_psa",343,138,37,15,TRUE,6,0.0512136014371168,0.967715755079466
18,10,"historical_benchmark",343,138,37,15,TRUE,5,0.047546510776383,0.944724550000155
18,10,"primary_modern",343,138,37,15,TRUE,5,0.0225589951061257,0.949480904951059
18,10,"nonlinear_psa",343,138,37,15,TRUE,5,0.00480407716195726,0.938626996036494
19,1,"historical_benchmark",341,137,39,16,TRUE,5,0.000485114158437293,0.973046142090299
19,1,"primary_modern",341,137,39,16,TRUE,5,0.000621223179880021,0.964600001734624
19,1,"nonlinear_psa",341,137,39,16,TRUE,5,0.000653650918112069,0.970028373490669
19,2,"historical_benchmark",341,137,39,16,TRUE,5,0.0452851039851248,0.990842820551633
19,2,"primary_modern",341,137,39,16,TRUE,5,0.0317145699315647,0.965544681842311
19,2,"nonlinear_psa",341,137,39,16,TRUE,5,0.0323163671387057,0.972631578033541
19,3,"historical_benchmark",341,137,39,16,TRUE,5,0.0958425846511321,0.837555196513501
19,3,"primary_modern",341,137,39,16,TRUE,5,0.0591506257308093,0.836155393247704
19,3,"nonlinear_psa",341,137,39,16,TRUE,5,0.0405331471487938,0.851863583996831
19,4,"historical_benchmark",342,138,38,15,TRUE,5,0.0405912690725508,0.979125346352638
19,4,"primary_modern",342,138,38,15,TRUE,5,0.0399293376588504,0.961015486403471
19,4,"nonlinear_psa",342,138,38,15,TRUE,6,0.0259468872729477,0.966467941728175
19,5,"historical_benchmark",342,138,38,15,TRUE,5,0.000344951901600361,0.917249260734524
19,5,"primary_modern",342,138,38,15,TRUE,5,0.000114509893537808,0.878172826869037
19,5,"nonlinear_psa",342,138,38,15,TRUE,6,1.77122192401326e-05,0.906742936324572
19,6,"historical_benchmark",342,138,38,15,TRUE,5,0.0248642774331053,0.983870889170171
19,6,"primary_modern",342,138,38,15,TRUE,5,0.0309617889630298,0.933183180588575
19,6,"nonlinear_psa",342,138,38,15,TRUE,5,0.00486394854818252,0.969282035122276
19,7,"historical_benchmark",342,138,38,15,TRUE,5,0.043841087217945,0.991522512263757
19,7,"primary_modern",342,138,38,15,TRUE,5,0.0386624737388173,0.980404855747619
19,7,"nonlinear_psa",342,138,38,15,TRUE,5,0.00932885617746867,0.989979355735798
19,8,"historical_benchmark",343,138,37,15,TRUE,5,0.0375493155423078,0.910869836503378
19,8,"primary_modern",343,138,37,15,TRUE,5,0.0391218510690629,0.894947841485293
19,8,"nonlinear_psa",343,138,37,15,TRUE,6,0.045863348286426,0.903868182960463
19,9,"historical_benchmark",343,138,37,15,TRUE,5,0.0400106527725324,0.979893879731844
19,9,"primary_modern",343,138,37,15,TRUE,5,0.0472286990695799,0.915738175311316
19,9,"nonlinear_psa",343,138,37,15,TRUE,6,0.0530198570998275,0.940442960554105
19,10,"historical_benchmark",343,138,37,15,TRUE,5,0.0503297371809364,0.997833167133689
19,10,"primary_modern",343,138,37,15,TRUE,5,0.0497664570683492,0.980889554704594
19,10,"nonlinear_psa",343,138,37,15,TRUE,5,0.0592294303289416,0.994540701236665
20,1,"historical_benchmark",341,137,39,16,TRUE,5,0.000170830601223256,0.936925078732978
20,1,"primary_modern",341,137,39,16,TRUE,5,0.00021881947374364,0.949926404307789
20,1,"nonlinear_psa",341,137,39,16,TRUE,6,0.000229434985250617,0.944794876108019
20,2,"historical_benchmark",341,137,39,16,TRUE,5,0.065476645433732,0.992871196995292
20,2,"primary_modern",341,137,39,16,TRUE,5,0.0317708258357849,0.983791139063972
20,2,"nonlinear_psa",341,137,39,16,TRUE,6,0.00572179681433024,0.99013263623906
20,3,"historical_benchmark",341,137,39,16,TRUE,5,0.000263880086589462,0.997830409696846
20,3,"primary_modern",341,137,39,16,TRUE,5,0.000111575747988829,0.985292664558557
20,3,"nonlinear_psa",341,137,39,16,TRUE,5,1.54747614926543e-05,0.989857116932559
20,4,"historical_benchmark",342,138,38,15,TRUE,5,0.078867414125709,0.984944064779618
20,4,"primary_modern",342,138,38,15,TRUE,5,0.0489325468128173,0.893952699137109
20,4,"nonlinear_psa",342,138,38,15,TRUE,5,0.0398609618168723,0.952364899573908
20,5,"historical_benchmark",342,138,38,15,TRUE,5,0.0439848146438319,0.992047569663495
20,5,"primary_modern",342,138,38,15,TRUE,5,0.0290795640490917,0.957520221979185
20,5,"nonlinear_psa",342,138,38,15,TRUE,5,0.0260913778289622,0.978476628570269
20,6,"historical_benchmark",342,138,38,15,TRUE,5,0.0529473213689155,0.993605746084815
20,6,"primary_modern",342,138,38,15,TRUE,5,0.0489353284843616,0.94533808967144
20,6,"nonlinear_psa",342,138,38,15,TRUE,5,0.0102769276935114,0.986799276797273
20,7,"historical_benchmark",342,138,38,15,TRUE,5,0.034028974781657,0.952267260579013
20,7,"primary_modern",342,138,38,15,TRUE,5,0.0227299279849831,0.888007734733624
20,7,"nonlinear_psa",342,138,38,15,TRUE,6,0.00398989260190671,0.922237309558612
20,8,"historical_benchmark",343,138,37,15,TRUE,5,0.0656764954168524,0.946275599145605
20,8,"primary_modern",343,138,37,15,TRUE,5,0.079401180295459,0.872758902747415
20,8,"nonlinear_psa",343,138,37,15,TRUE,5,0.071025088012846,0.927821747080393
20,9,"historical_benchmark",343,138,37,15,TRUE,5,0.0227676753989099,0.970510467641332
20,9,"primary_modern",343,138,37,15,TRUE,5,0.0278287154900572,0.96429865420453
20,9,"nonlinear_psa",343,138,37,15,TRUE,5,0.0227943539721412,0.968982017412875
20,10,"historical_benchmark",343,138,37,15,TRUE,5,0.0354242645009255,0.952839560793286
20,10,"primary_modern",343,138,37,15,TRUE,5,0.0267354168872325,0.956177943078049
20,10,"nonlinear_psa",343,138,37,15,TRUE,6,0.0274551151859809,0.942082099701268
