"model","repeat_id","metric","estimate"
"historical_benchmark",1,"auc",0.809133051164666
"historical_benchmark",1,"brier",0.172843685501965
"historical_benchmark",1,"log_loss",0.516932626626509
"historical_benchmark",1,"calibration_intercept",-0.00462083416155395
"historical_benchmark",1,"calibration_slope",0.920596590294226
"historical_benchmark",2,"auc",0.805015692033054
"historical_benchmark",2,"brier",0.175883413772202
"historical_benchmark",2,"log_loss",0.528130387747119
"historical_benchmark",2,"calibration_intercept",0.00973734867238454
"historical_benchmark",2,"calibration_slope",0.882059514423579
"historical_benchmark",3,"auc",0.808585989461864
"historical_benchmark",3,"brier",0.17320343406099
"historical_benchmark",3,"log_loss",0.518121011637426
"historical_benchmark",3,"calibration_intercept",-0.00145394910247272
"historical_benchmark",3,"calibration_slope",0.919527396322777
"historical_benchmark",4,"auc",0.813279203017477
"historical_benchmark",4,"brier",0.171461150073906
"historical_benchmark",4,"log_loss",0.51387151991345
"historical_benchmark",4,"calibration_intercept",-0.00259239657944222
"historical_benchmark",4,"calibration_slope",0.947392121318671
"historical_benchmark",5,"auc",0.810054418243068
"historical_benchmark",5,"brier",0.172640854862421
"historical_benchmark",5,"log_loss",0.517546784759543
"historical_benchmark",5,"calibration_intercept",0.000768511070607929
"historical_benchmark",5,"calibration_slope",0.924918418453254
"historical_benchmark",6,"auc",0.812847312199476
"historical_benchmark",6,"brier",0.171048509810193
"historical_benchmark",6,"log_loss",0.513234740562091
"historical_benchmark",6,"calibration_intercept",0.00697368186581969
"historical_benchmark",6,"calibration_slope",0.94873035088476
"historical_benchmark",7,"auc",0.809694509228067
"historical_benchmark",7,"brier",0.173291279185015
"historical_benchmark",7,"log_loss",0.519278966864268
"historical_benchmark",7,"calibration_intercept",-0.00901446366829004
"historical_benchmark",7,"calibration_slope",0.917593575147244
"historical_benchmark",8,"auc",0.807938153234862
"historical_benchmark",8,"brier",0.173625571584778
"historical_benchmark",8,"log_loss",0.520147532200547
"historical_benchmark",8,"calibration_intercept",-0.00660092887222915
"historical_benchmark",8,"calibration_slope",0.901532369662516
"historical_benchmark",9,"auc",0.808211684086263
"historical_benchmark",9,"brier",0.174116891238132
"historical_benchmark",9,"log_loss",0.521423887638301
"historical_benchmark",9,"calibration_intercept",-0.000691072296843612
"historical_benchmark",9,"calibration_slope",0.914514129232003
"historical_benchmark",10,"auc",0.806800840747459
"historical_benchmark",10,"brier",0.174833899384794
"historical_benchmark",10,"log_loss",0.522184507064656
"historical_benchmark",10,"calibration_intercept",-0.00845412571396626
"historical_benchmark",10,"calibration_slope",0.906921146947208
"historical_benchmark",11,"auc",0.807736604186462
"historical_benchmark",11,"brier",0.17361161887222
"historical_benchmark",11,"log_loss",0.519517395018543
"historical_benchmark",11,"calibration_intercept",0.00251474694209099
"historical_benchmark",11,"calibration_slope",0.91935753989269
"historical_benchmark",12,"auc",0.809809680112867
"historical_benchmark",12,"brier",0.172157432816187
"historical_benchmark",12,"log_loss",0.516549428083378
"historical_benchmark",12,"calibration_intercept",-0.00233420035178756
"historical_benchmark",12,"calibration_slope",0.930531643008501
"historical_benchmark",13,"auc",0.809348996573666
"historical_benchmark",13,"brier",0.173121247102264
"historical_benchmark",13,"log_loss",0.517924780693535
"historical_benchmark",13,"calibration_intercept",-0.00822154979394419
"historical_benchmark",13,"calibration_slope",0.930252485558332
"historical_benchmark",14,"auc",0.808859520313265
"historical_benchmark",14,"brier",0.172486367924868
"historical_benchmark",14,"log_loss",0.516906003317425
"historical_benchmark",14,"calibration_intercept",-0.00585633483298015
"historical_benchmark",14,"calibration_slope",0.926740794205333
"historical_benchmark",15,"auc",0.81071665083067
"historical_benchmark",15,"brier",0.172825405783301
"historical_benchmark",15,"log_loss",0.517202238929314
"historical_benchmark",15,"calibration_intercept",-0.00401312297736303
"historical_benchmark",15,"calibration_slope",0.925993868513389
"historical_benchmark",16,"auc",0.804814142984653
"historical_benchmark",16,"brier",0.174942606063481
"historical_benchmark",16,"log_loss",0.523803067633541
"historical_benchmark",16,"calibration_intercept",0.00183576097586485
"historical_benchmark",16,"calibration_slope",0.902724480729207
"historical_benchmark",17,"auc",0.814977973568282
"historical_benchmark",17,"brier",0.17092047757125
"historical_benchmark",17,"log_loss",0.512641855919236
"historical_benchmark",17,"calibration_intercept",-0.0082713610447039
"historical_benchmark",17,"calibration_slope",0.943703950367793
"historical_benchmark",18,"auc",0.813466355705278
"historical_benchmark",18,"brier",0.17185056809904
"historical_benchmark",18,"log_loss",0.516433657519667
"historical_benchmark",18,"calibration_intercept",0.00102590542999072
"historical_benchmark",18,"calibration_slope",0.92979741621038
"historical_benchmark",19,"auc",0.808053324119663
"historical_benchmark",19,"brier",0.17392835837913
"historical_benchmark",19,"log_loss",0.521524696501985
"historical_benchmark",19,"calibration_intercept",-0.00347357944391112
"historical_benchmark",19,"calibration_slope",0.908889000021254
"historical_benchmark",20,"auc",0.804929313869454
"historical_benchmark",20,"brier",0.174187922418954
"historical_benchmark",20,"log_loss",0.522212048169637
"historical_benchmark",20,"calibration_intercept",-0.00325668653823016
"historical_benchmark",20,"calibration_slope",0.903969506538093
"primary_modern",1,"auc",0.812185079611874
"primary_modern",1,"brier",0.171987792784885
"primary_modern",1,"log_loss",0.515776618601731
"primary_modern",1,"calibration_intercept",-0.00391781420422804
"primary_modern",1,"calibration_slope",0.926361146851496
"primary_modern",2,"auc",0.805274826523855
"primary_modern",2,"brier",0.175389038191729
"primary_modern",2,"log_loss",0.526734350396397
"primary_modern",2,"calibration_intercept",0.010019559361403
"primary_modern",2,"calibration_slope",0.885947478378812
"primary_modern",3,"auc",0.807549451498661
"primary_modern",3,"brier",0.173962316183686
"primary_modern",3,"log_loss",0.520233354307193
"primary_modern",3,"calibration_intercept",-0.000711249932906821
"primary_modern",3,"calibration_slope",0.907556289253833
"primary_modern",4,"auc",0.813164032132677
"primary_modern",4,"brier",0.171839124972383
"primary_modern",4,"log_loss",0.515760608219285
"primary_modern",4,"calibration_intercept",-0.00475924443255373
"primary_modern",4,"calibration_slope",0.931009758502838
"primary_modern",5,"auc",0.811148541648671
"primary_modern",5,"brier",0.172424477014284
"primary_modern",5,"log_loss",0.517920060474541
"primary_modern",5,"calibration_intercept",0.00264716546975983
"primary_modern",5,"calibration_slope",0.917011446540664
"primary_modern",6,"auc",0.813221617575077
"primary_modern",6,"brier",0.170899495613014
"primary_modern",6,"log_loss",0.51396916774392
"primary_modern",6,"calibration_intercept",0.00851939273275493
"primary_modern",6,"calibration_slope",0.939673675833448
"primary_modern",7,"auc",0.811522847024272
"primary_modern",7,"brier",0.172199734443482
"primary_modern",7,"log_loss",0.516944725521782
"primary_modern",7,"calibration_intercept",-0.00734271825210745
"primary_modern",7,"calibration_slope",0.924852262476179
"primary_modern",8,"auc",0.808240476807463
"primary_modern",8,"brier",0.173900858745733
"primary_modern",8,"log_loss",0.52167142156058
"primary_modern",8,"calibration_intercept",-0.00962238456303404
"primary_modern",8,"calibration_slope",0.893969691680768
"primary_modern",9,"auc",0.809536149261467
"primary_modern",9,"brier",0.173257396540864
"primary_modern",9,"log_loss",0.519177356963561
"primary_modern",9,"calibration_intercept",-0.00344193830179448
"primary_modern",9,"calibration_slope",0.920017828751799
"primary_modern",10,"auc",0.808758745789064
"primary_modern",10,"brier",0.174578736717456
"primary_modern",10,"log_loss",0.522252934239245
"primary_modern",10,"calibration_intercept",-0.0101705278920866
"primary_modern",10,"calibration_slope",0.901200040250023
"primary_modern",11,"auc",0.80731910972906
"primary_modern",11,"brier",0.174076126652669
"primary_modern",11,"log_loss",0.521739063981714
"primary_modern",11,"calibration_intercept",0.0023663486723233
"primary_modern",11,"calibration_slope",0.906720366362685
"primary_modern",12,"auc",0.811781981515073
"primary_modern",12,"brier",0.172177793076781
"primary_modern",12,"log_loss",0.516671511101402
"primary_modern",12,"calibration_intercept",-0.00340358898796341
"primary_modern",12,"calibration_slope",0.927459473253036
"primary_modern",13,"auc",0.81065906538827
"primary_modern",13,"brier",0.172868758225288
"primary_modern",13,"log_loss",0.518319031813323
"primary_modern",13,"calibration_intercept",-0.00834239404279392
"primary_modern",13,"calibration_slope",0.931095757879517
"primary_modern",14,"auc",0.809708905588667
"primary_modern",14,"brier",0.172830657207411
"primary_modern",14,"log_loss",0.519041472981528
"primary_modern",14,"calibration_intercept",-0.00639841489284338
"primary_modern",14,"calibration_slope",0.912301976879714
"primary_modern",15,"auc",0.812559384987475
"primary_modern",15,"brier",0.172121281741565
"primary_modern",15,"log_loss",0.51535107581344
"primary_modern",15,"calibration_intercept",-0.00248678042868228
"primary_modern",15,"calibration_slope",0.930347679957668
"primary_modern",16,"auc",0.808470818577064
"primary_modern",16,"brier",0.173587265911178
"primary_modern",16,"log_loss",0.521140757611386
"primary_modern",16,"calibration_intercept",-0.00150481660117225
"primary_modern",16,"calibration_slope",0.908039540662431
"primary_modern",17,"auc",0.81411419193228
"primary_modern",17,"brier",0.171004813697954
"primary_modern",17,"log_loss",0.513214855892205
"primary_modern",17,"calibration_intercept",-0.00990288121159427
"primary_modern",17,"calibration_slope",0.932293770136409
"primary_modern",18,"auc",0.809939247358268
"primary_modern",18,"brier",0.172786429603392
"primary_modern",18,"log_loss",0.519216106669136
"primary_modern",18,"calibration_intercept",0.00309516718576171
"primary_modern",18,"calibration_slope",0.91154911689642
"primary_modern",19,"auc",0.803086579712649
"primary_modern",19,"brier",0.175734066421976
"primary_modern",19,"log_loss",0.526645288784003
"primary_modern",19,"calibration_intercept",-0.00396636878665364
"primary_modern",19,"calibration_slope",0.881562403626859
"primary_modern",20,"auc",0.805044484754254
"primary_modern",20,"brier",0.174332834407047
"primary_modern",20,"log_loss",0.523153295464583
"primary_modern",20,"calibration_intercept",-0.00491373235078241
"primary_modern",20,"calibration_slope",0.890770219896597
"nonlinear_psa",1,"auc",0.806052229996257
"nonlinear_psa",1,"brier",0.174055085408087
"nonlinear_psa",1,"log_loss",0.519701597484038
"nonlinear_psa",1,"calibration_intercept",-0.00482601107022901
"nonlinear_psa",1,"calibration_slope",0.891440671077032
"nonlinear_psa",2,"auc",0.799660245889839
"nonlinear_psa",2,"brier",0.177389363409748
"nonlinear_psa",2,"log_loss",0.533884366241783
"nonlinear_psa",2,"calibration_intercept",0.015173756150498
"nonlinear_psa",2,"calibration_slope",0.838998927256478
"nonlinear_psa",3,"auc",0.801934870864645
"nonlinear_psa",3,"brier",0.175629827043501
"nonlinear_psa",3,"log_loss",0.523399425454317
"nonlinear_psa",3,"calibration_intercept",0.000461391757424393
"nonlinear_psa",3,"calibration_slope",0.878896119204142
"nonlinear_psa",4,"auc",0.809075465722265
"nonlinear_psa",4,"brier",0.172697529022767
"nonlinear_psa",4,"log_loss",0.517244255158284
"nonlinear_psa",4,"calibration_intercept",-0.00722958035632978
"nonlinear_psa",4,"calibration_slope",0.910519678002176
"nonlinear_psa",5,"auc",0.803863983185051
"nonlinear_psa",5,"brier",0.175714021080037
"nonlinear_psa",5,"log_loss",0.52908928344541
"nonlinear_psa",5,"calibration_intercept",0.00751873683196169
"nonlinear_psa",5,"calibration_slope",0.852470413285287
"nonlinear_psa",6,"auc",0.810054418243068
"nonlinear_psa",6,"brier",0.171926911719259
"nonlinear_psa",6,"log_loss",0.515886227137554
"nonlinear_psa",6,"calibration_intercept",0.016167279520043
"nonlinear_psa",6,"calibration_slope",0.913954435819327
"nonlinear_psa",7,"auc",0.80717514612306
"nonlinear_psa",7,"brier",0.17385383837145
"nonlinear_psa",7,"log_loss",0.520469601711019
"nonlinear_psa",7,"calibration_intercept",-0.00792217982351318
"nonlinear_psa",7,"calibration_slope",0.890973299780341
"nonlinear_psa",8,"auc",0.802136419913046
"nonlinear_psa",8,"brier",0.176030991697157
"nonlinear_psa",8,"log_loss",0.527050740192054
"nonlinear_psa",8,"calibration_intercept",-0.0146262233610045
"nonlinear_psa",8,"calibration_slope",0.858351866467603
"nonlinear_psa",9,"auc",0.806397742650658
"nonlinear_psa",9,"brier",0.174499674713069
"nonlinear_psa",9,"log_loss",0.521993042342935
"nonlinear_psa",9,"calibration_intercept",-0.00335951623608639
"nonlinear_psa",9,"calibration_slope",0.89308107883897
"nonlinear_psa",10,"auc",0.804583801215053
"nonlinear_psa",10,"brier",0.175400574616729
"nonlinear_psa",10,"log_loss",0.523018066976781
"nonlinear_psa",10,"calibration_intercept",-0.00874669209064072
"nonlinear_psa",10,"calibration_slope",0.883340704490738
"nonlinear_psa",11,"auc",0.80369122685785
"nonlinear_psa",11,"brier",0.174649927773048
"nonlinear_psa",11,"log_loss",0.522639179101925
"nonlinear_psa",11,"calibration_intercept",0.000397886344056866
"nonlinear_psa",11,"calibration_slope",0.889404318919084
"nonlinear_psa",12,"auc",0.80700238979586
"nonlinear_psa",12,"brier",0.17346453600696
"nonlinear_psa",12,"log_loss",0.519488620369672
"nonlinear_psa",12,"calibration_intercept",-0.00616071547070386
"nonlinear_psa",12,"calibration_slope",0.897993626808912
"nonlinear_psa",13,"auc",0.803777605021451
"nonlinear_psa",13,"brier",0.175221073712631
"nonlinear_psa",13,"log_loss",0.522566922882952
"nonlinear_psa",13,"calibration_intercept",-0.0108385657553774
"nonlinear_psa",13,"calibration_slope",0.89279268564491
"nonlinear_psa",14,"auc",0.805246033802655
"nonlinear_psa",14,"brier",0.174376026759906
"nonlinear_psa",14,"log_loss",0.522136246767622
"nonlinear_psa",14,"calibration_intercept",-0.00698692426187691
"nonlinear_psa",14,"calibration_slope",0.881653795230037
"nonlinear_psa",15,"auc",0.807491866056261
"nonlinear_psa",15,"brier",0.173749715859738
"nonlinear_psa",15,"log_loss",0.519540894874707
"nonlinear_psa",15,"calibration_intercept",-0.00369395169079136
"nonlinear_psa",15,"calibration_slope",0.897981504704578
"nonlinear_psa",16,"auc",0.802769859779448
"nonlinear_psa",16,"brier",0.176221921623281
"nonlinear_psa",16,"log_loss",0.527680687458914
"nonlinear_psa",16,"calibration_intercept",0.00128912868024074
"nonlinear_psa",16,"calibration_slope",0.8637108342457
"nonlinear_psa",17,"auc",0.811666810630273
"nonlinear_psa",17,"brier",0.171421264654078
"nonlinear_psa",17,"log_loss",0.513121338424798
"nonlinear_psa",17,"calibration_intercept",-0.0119546153352394
"nonlinear_psa",17,"calibration_slope",0.916169172721339
"nonlinear_psa",18,"auc",0.808269269528663
"nonlinear_psa",18,"brier",0.17349132637427
"nonlinear_psa",18,"log_loss",0.519939313369959
"nonlinear_psa",18,"calibration_intercept",0.00601297658599355
"nonlinear_psa",18,"calibration_slope",0.893064904707631
"nonlinear_psa",19,"auc",0.799516282283839
"nonlinear_psa",19,"brier",0.176996829817533
"nonlinear_psa",19,"log_loss",0.528883234073576
"nonlinear_psa",19,"calibration_intercept",-0.000325796092243139
"nonlinear_psa",19,"calibration_slope",0.85814130920684
"nonlinear_psa",20,"auc",0.802280383519046
"nonlinear_psa",20,"brier",0.175483917467335
"nonlinear_psa",20,"log_loss",0.525557337007559
"nonlinear_psa",20,"calibration_intercept",-0.0124970889252038
"nonlinear_psa",20,"calibration_slope",0.868611070796611
