"analysis","repeat_id","metric","sensitivity_estimate","reference_estimate","raw_difference_sensitivity_minus_primary","preferred_improvement","interpretation"
"dcaps_sensitivity",1,"auc",0.812069908727074,0.812185079611874,-0.000115170884800397,-0.000115170884800397,"Positive preferred_improvement favors the sensitivity or exploratory analysis; negative values favor the applicable primary-model reference."
"dcaps_sensitivity",1,"brier",0.172113173511342,0.171987792784885,0.000125380726457541,-0.000125380726457541,"Positive preferred_improvement favors the sensitivity or exploratory analysis; negative values favor the applicable primary-model reference."
"dcaps_sensitivity",1,"calibration_intercept",0.000451443623447765,-0.00391781420422791,0.00436925782767567,0.00346637058078014,"Positive preferred_improvement favors the sensitivity or exploratory analysis; negative values favor the applicable primary-model reference."
"dcaps_sensitivity",1,"calibration_slope",0.91321943273108,0.926361146851497,-0.0131417141204165,-0.0131417141204165,"Positive preferred_improvement favors the sensitivity or exploratory analysis; negative values favor the applicable primary-model reference."
"dcaps_sensitivity",1,"log_loss",0.516906160878726,0.515776618601731,0.00112954227699547,-0.00112954227699547,"Positive preferred_improvement favors the sensitivity or exploratory analysis; negative values favor the applicable primary-model reference."
"dcaps_sensitivity",10,"auc",0.808269269528663,0.808758745789064,-0.0004894762604013,-0.0004894762604013,"Positive preferred_improvement favors the sensitivity or exploratory analysis; negative values favor the applicable primary-model reference."
"dcaps_sensitivity",10,"brier",0.175509024557146,0.174578736717456,0.000930287839689986,-0.000930287839689986,"Positive preferred_improvement favors the sensitivity or exploratory analysis; negative values favor the applicable primary-model reference."
"dcaps_sensitivity",10,"calibration_intercept",-0.0121453906709452,-0.0101705278920868,-0.00197486277885839,-0.00197486277885839,"Positive preferred_improvement favors the sensitivity or exploratory analysis; negative values favor the applicable primary-model reference."
"dcaps_sensitivity",10,"calibration_slope",0.869207102911798,0.901200040250023,-0.0319929373382243,-0.0319929373382243,"Positive preferred_improvement favors the sensitivity or exploratory analysis; negative values favor the applicable primary-model reference."
"dcaps_sensitivity",10,"log_loss",0.527326479640352,0.522252934239245,0.00507354540110649,-0.00507354540110649,"Positive preferred_improvement favors the sensitivity or exploratory analysis; negative values favor the applicable primary-model reference."
"dcaps_sensitivity",11,"auc",0.807837378710662,0.80731910972906,0.000518268981601455,0.000518268981601455,"Positive preferred_improvement favors the sensitivity or exploratory analysis; negative values favor the applicable primary-model reference."
"dcaps_sensitivity",11,"brier",0.173442953283399,0.174076126652669,-0.000633173369270545,0.000633173369270545,"Positive preferred_improvement favors the sensitivity or exploratory analysis; negative values favor the applicable primary-model reference."
"dcaps_sensitivity",11,"calibration_intercept",0.00228928052188548,0.00236634867232333,-7.70681504378428e-05,7.70681504378428e-05,"Positive preferred_improvement favors the sensitivity or exploratory analysis; negative values favor the applicable primary-model reference."
"dcaps_sensitivity",11,"calibration_slope",0.903370716159784,0.906720366362685,-0.00334965020290157,-0.00334965020290157,"Positive preferred_improvement favors the sensitivity or exploratory analysis; negative values favor the applicable primary-model reference."
"dcaps_sensitivity",11,"log_loss",0.520941011758594,0.521739063981714,-0.000798052223120571,0.000798052223120571,"Positive preferred_improvement favors the sensitivity or exploratory analysis; negative values favor the applicable primary-model reference."
"dcaps_sensitivity",12,"auc",0.812300250496674,0.811781981515073,0.000518268981601455,0.000518268981601455,"Positive preferred_improvement favors the sensitivity or exploratory analysis; negative values favor the applicable primary-model reference."
"dcaps_sensitivity",12,"brier",0.171843694109522,0.172177793076781,-0.000334098967259111,0.000334098967259111,"Positive preferred_improvement favors the sensitivity or exploratory analysis; negative values favor the applicable primary-model reference."
"dcaps_sensitivity",12,"calibration_intercept",-0.000471176747403462,-0.00340358898796335,0.00293241224055989,0.00293241224055989,"Positive preferred_improvement favors the sensitivity or exploratory analysis; negative values favor the applicable primary-model reference."
"dcaps_sensitivity",12,"calibration_slope",0.918403168690421,0.927459473253037,-0.00905630456261508,-0.00905630456261508,"Positive preferred_improvement favors the sensitivity or exploratory analysis; negative values favor the applicable primary-model reference."
"dcaps_sensitivity",12,"log_loss",0.51688429589363,0.516671511101402,0.000212784792228415,-0.000212784792228415,"Positive preferred_improvement favors the sensitivity or exploratory analysis; negative values favor the applicable primary-model reference."
"dcaps_sensitivity",13,"auc",0.811551639745472,0.81065906538827,0.00089257435720258,0.00089257435720258,"Positive preferred_improvement favors the sensitivity or exploratory analysis; negative values favor the applicable primary-model reference."
"dcaps_sensitivity",13,"brier",0.172278583453632,0.172868758225288,-0.000590174771656377,0.000590174771656377,"Positive preferred_improvement favors the sensitivity or exploratory analysis; negative values favor the applicable primary-model reference."
"dcaps_sensitivity",13,"calibration_intercept",-0.00424911510237331,-0.0083423940427937,0.00409327894042039,0.00409327894042039,"Positive preferred_improvement favors the sensitivity or exploratory analysis; negative values favor the applicable primary-model reference."
"dcaps_sensitivity",13,"calibration_slope",0.928087950271134,0.931095757879518,-0.00300780760838382,-0.00300780760838382,"Positive preferred_improvement favors the sensitivity or exploratory analysis; negative values favor the applicable primary-model reference."
"dcaps_sensitivity",13,"log_loss",0.517623182600635,0.518319031813323,-0.000695849212688171,0.000695849212688171,"Positive preferred_improvement favors the sensitivity or exploratory analysis; negative values favor the applicable primary-model reference."
"dcaps_sensitivity",14,"auc",0.81057268722467,0.809708905588667,0.000863781636002425,0.000863781636002425,"Positive preferred_improvement favors the sensitivity or exploratory analysis; negative values favor the applicable primary-model reference."
"dcaps_sensitivity",14,"brier",0.172323646955089,0.172830657207411,-0.000507010252322776,0.000507010252322776,"Positive preferred_improvement favors the sensitivity or exploratory analysis; negative values favor the applicable primary-model reference."
"dcaps_sensitivity",14,"calibration_intercept",-0.00844375838261998,-0.00639841489284316,-0.00204534348977682,-0.00204534348977682,"Positive preferred_improvement favors the sensitivity or exploratory analysis; negative values favor the applicable primary-model reference."
"dcaps_sensitivity",14,"calibration_slope",0.905261711409989,0.912301976879714,-0.00704026546972514,-0.00704026546972514,"Positive preferred_improvement favors the sensitivity or exploratory analysis; negative values favor the applicable primary-model reference."
"dcaps_sensitivity",14,"log_loss",0.518279256009217,0.519041472981528,-0.00076221697231138,0.00076221697231138,"Positive preferred_improvement favors the sensitivity or exploratory analysis; negative values favor the applicable primary-model reference."
"dcaps_sensitivity",15,"auc",0.814056606489879,0.812559384987475,0.00149722150240417,0.00149722150240417,"Positive preferred_improvement favors the sensitivity or exploratory analysis; negative values favor the applicable primary-model reference."
"dcaps_sensitivity",15,"brier",0.171041768290833,0.172121281741565,-0.00107951345073168,0.00107951345073168,"Positive preferred_improvement favors the sensitivity or exploratory analysis; negative values favor the applicable primary-model reference."
"dcaps_sensitivity",15,"calibration_intercept",-0.00232688946090053,-0.00248678042868241,0.000159890967781881,0.000159890967781881,"Positive preferred_improvement favors the sensitivity or exploratory analysis; negative values favor the applicable primary-model reference."
"dcaps_sensitivity",15,"calibration_slope",0.930049035787793,0.93034767995767,-0.000298644169877682,-0.000298644169877682,"Positive preferred_improvement favors the sensitivity or exploratory analysis; negative values favor the applicable primary-model reference."
"dcaps_sensitivity",15,"log_loss",0.513539661521166,0.51535107581344,-0.00181141429227361,0.00181141429227361,"Positive preferred_improvement favors the sensitivity or exploratory analysis; negative values favor the applicable primary-model reference."
"dcaps_sensitivity",16,"auc",0.808643574904264,0.808470818577064,0.000172756327200485,0.000172756327200485,"Positive preferred_improvement favors the sensitivity or exploratory analysis; negative values favor the applicable primary-model reference."
"dcaps_sensitivity",16,"brier",0.173364027875547,0.173587265911178,-0.000223238035631318,0.000223238035631318,"Positive preferred_improvement favors the sensitivity or exploratory analysis; negative values favor the applicable primary-model reference."
"dcaps_sensitivity",16,"calibration_intercept",-0.00218560035690764,-0.00150481660117236,-0.000680783755735285,-0.000680783755735285,"Positive preferred_improvement favors the sensitivity or exploratory analysis; negative values favor the applicable primary-model reference."
"dcaps_sensitivity",16,"calibration_slope",0.896605990290353,0.908039540662432,-0.0114335503720786,-0.0114335503720786,"Positive preferred_improvement favors the sensitivity or exploratory analysis; negative values favor the applicable primary-model reference."
"dcaps_sensitivity",16,"log_loss",0.521615298625543,0.521140757611386,0.000474541014157004,-0.000474541014157004,"Positive preferred_improvement favors the sensitivity or exploratory analysis; negative values favor the applicable primary-model reference."
"dcaps_sensitivity",17,"auc",0.814632460913881,0.81411419193228,0.000518268981601455,0.000518268981601455,"Positive preferred_improvement favors the sensitivity or exploratory analysis; negative values favor the applicable primary-model reference."
"dcaps_sensitivity",17,"brier",0.170564759121329,0.171004813697954,-0.000440054576624965,0.000440054576624965,"Positive preferred_improvement favors the sensitivity or exploratory analysis; negative values favor the applicable primary-model reference."
"dcaps_sensitivity",17,"calibration_intercept",-0.00939588320431745,-0.00990288121159429,0.000506998007276846,0.000506998007276846,"Positive preferred_improvement favors the sensitivity or exploratory analysis; negative values favor the applicable primary-model reference."
"dcaps_sensitivity",17,"calibration_slope",0.923618712943334,0.932293770136408,-0.00867505719307338,-0.00867505719307338,"Positive preferred_improvement favors the sensitivity or exploratory analysis; negative values favor the applicable primary-model reference."
"dcaps_sensitivity",17,"log_loss",0.513003166006275,0.513214855892205,-0.000211689885930011,0.000211689885930011,"Positive preferred_improvement favors the sensitivity or exploratory analysis; negative values favor the applicable primary-model reference."
"dcaps_sensitivity",18,"auc",0.810198381849069,0.809939247358268,0.000259134490800728,0.000259134490800728,"Positive preferred_improvement favors the sensitivity or exploratory analysis; negative values favor the applicable primary-model reference."
"dcaps_sensitivity",18,"brier",0.172483138819287,0.172786429603392,-0.000303290784105348,0.000303290784105348,"Positive preferred_improvement favors the sensitivity or exploratory analysis; negative values favor the applicable primary-model reference."
"dcaps_sensitivity",18,"calibration_intercept",0.00491450566196119,0.00309516718576187,0.00181933847619931,-0.00181933847619931,"Positive preferred_improvement favors the sensitivity or exploratory analysis; negative values favor the applicable primary-model reference."
"dcaps_sensitivity",18,"calibration_slope",0.904276995609058,0.91154911689642,-0.00727212128736199,-0.00727212128736199,"Positive preferred_improvement favors the sensitivity or exploratory analysis; negative values favor the applicable primary-model reference."
"dcaps_sensitivity",18,"log_loss",0.5189046546989,0.519216106669136,-0.000311451970236298,0.000311451970236298,"Positive preferred_improvement favors the sensitivity or exploratory analysis; negative values favor the applicable primary-model reference."
"dcaps_sensitivity",19,"auc",0.802050041749446,0.803086579712649,-0.00103653796320291,-0.00103653796320291,"Positive preferred_improvement favors the sensitivity or exploratory analysis; negative values favor the applicable primary-model reference."
"dcaps_sensitivity",19,"brier",0.176369266055123,0.175734066421976,0.00063519963314651,-0.00063519963314651,"Positive preferred_improvement favors the sensitivity or exploratory analysis; negative values favor the applicable primary-model reference."
"dcaps_sensitivity",19,"calibration_intercept",-0.000670330057875393,-0.00396636878665349,0.0032960387287781,0.0032960387287781,"Positive preferred_improvement favors the sensitivity or exploratory analysis; negative values favor the applicable primary-model reference."
"dcaps_sensitivity",19,"calibration_slope",0.863163400530283,0.881562403626859,-0.0183990030965764,-0.0183990030965764,"Positive preferred_improvement favors the sensitivity or exploratory analysis; negative values favor the applicable primary-model reference."
"dcaps_sensitivity",19,"log_loss",0.529732563899641,0.526645288784003,0.003087275115638,-0.003087275115638,"Positive preferred_improvement favors the sensitivity or exploratory analysis; negative values favor the applicable primary-model reference."
"dcaps_sensitivity",2,"auc",0.805217241081455,0.805274826523855,-5.75854424000877e-05,-5.75854424000877e-05,"Positive preferred_improvement favors the sensitivity or exploratory analysis; negative values favor the applicable primary-model reference."
"dcaps_sensitivity",2,"brier",0.174966933191863,0.175389038191729,-0.000422104999865613,0.000422104999865613,"Positive preferred_improvement favors the sensitivity or exploratory analysis; negative values favor the applicable primary-model reference."
"dcaps_sensitivity",2,"calibration_intercept",0.00976001590299464,0.0100195593614031,-0.000259543458408496,0.000259543458408496,"Positive preferred_improvement favors the sensitivity or exploratory analysis; negative values favor the applicable primary-model reference."
"dcaps_sensitivity",2,"calibration_slope",0.877356213061955,0.885947478378811,-0.00859126531685639,-0.00859126531685639,"Positive preferred_improvement favors the sensitivity or exploratory analysis; negative values favor the applicable primary-model reference."
"dcaps_sensitivity",2,"log_loss",0.527020972212674,0.526734350396397,0.000286621816276256,-0.000286621816276256,"Positive preferred_improvement favors the sensitivity or exploratory analysis; negative values favor the applicable primary-model reference."
"dcaps_sensitivity",20,"auc",0.804094324954651,0.805044484754254,-0.000950159799602668,-0.000950159799602668,"Positive preferred_improvement favors the sensitivity or exploratory analysis; negative values favor the applicable primary-model reference."
"dcaps_sensitivity",20,"brier",0.174677485090714,0.174332834407047,0.000344650683666903,-0.000344650683666903,"Positive preferred_improvement favors the sensitivity or exploratory analysis; negative values favor the applicable primary-model reference."
"dcaps_sensitivity",20,"calibration_intercept",-0.00170157006656428,-0.00491373235078236,0.00321216228421807,0.00321216228421807,"Positive preferred_improvement favors the sensitivity or exploratory analysis; negative values favor the applicable primary-model reference."
"dcaps_sensitivity",20,"calibration_slope",0.878112149349041,0.890770219896595,-0.0126580705475544,-0.0126580705475544,"Positive preferred_improvement favors the sensitivity or exploratory analysis; negative values favor the applicable primary-model reference."
"dcaps_sensitivity",20,"log_loss",0.52497044434331,0.523153295464583,0.00181714887872708,-0.00181714887872708,"Positive preferred_improvement favors the sensitivity or exploratory analysis; negative values favor the applicable primary-model reference."
"dcaps_sensitivity",3,"auc",0.808182891365063,0.807549451498661,0.000633439866401853,0.000633439866401853,"Positive preferred_improvement favors the sensitivity or exploratory analysis; negative values favor the applicable primary-model reference."
"dcaps_sensitivity",3,"brier",0.17319915859456,0.173962316183686,-0.000763157589125263,0.000763157589125263,"Positive preferred_improvement favors the sensitivity or exploratory analysis; negative values favor the applicable primary-model reference."
"dcaps_sensitivity",3,"calibration_intercept",-0.00175853113105097,-0.000711249932906667,-0.00104728119814431,-0.00104728119814431,"Positive preferred_improvement favors the sensitivity or exploratory analysis; negative values favor the applicable primary-model reference."
"dcaps_sensitivity",3,"calibration_slope",0.902920726023842,0.907556289253833,-0.00463556322999092,-0.00463556322999092,"Positive preferred_improvement favors the sensitivity or exploratory analysis; negative values favor the applicable primary-model reference."
"dcaps_sensitivity",3,"log_loss",0.51936629976032,0.520233354307193,-0.000867054546872859,0.000867054546872859,"Positive preferred_improvement favors the sensitivity or exploratory analysis; negative values favor the applicable primary-model reference."
"dcaps_sensitivity",4,"auc",0.812069908727074,0.813164032132677,-0.00109412340560311,-0.00109412340560311,"Positive preferred_improvement favors the sensitivity or exploratory analysis; negative values favor the applicable primary-model reference."
"dcaps_sensitivity",4,"brier",0.172355366750776,0.171839124972383,0.000516241778392462,-0.000516241778392462,"Positive preferred_improvement favors the sensitivity or exploratory analysis; negative values favor the applicable primary-model reference."
"dcaps_sensitivity",4,"calibration_intercept",0.000545492109179525,-0.00475924443255374,0.00530473654173326,0.00421375232337421,"Positive preferred_improvement favors the sensitivity or exploratory analysis; negative values favor the applicable primary-model reference."
"dcaps_sensitivity",4,"calibration_slope",0.912921373146034,0.931009758502838,-0.0180883853568048,-0.0180883853568048,"Positive preferred_improvement favors the sensitivity or exploratory analysis; negative values favor the applicable primary-model reference."
"dcaps_sensitivity",4,"log_loss",0.518271301411058,0.515760608219285,0.00251069319177388,-0.00251069319177388,"Positive preferred_improvement favors the sensitivity or exploratory analysis; negative values favor the applicable primary-model reference."
"dcaps_sensitivity",5,"auc",0.81077423627307,0.811148541648671,-0.000374305375601014,-0.000374305375601014,"Positive preferred_improvement favors the sensitivity or exploratory analysis; negative values favor the applicable primary-model reference."
"dcaps_sensitivity",5,"brier",0.172456336822079,0.172424477014284,3.18598077944376e-05,-3.18598077944376e-05,"Positive preferred_improvement favors the sensitivity or exploratory analysis; negative values favor the applicable primary-model reference."
"dcaps_sensitivity",5,"calibration_intercept",0.000209794719727922,0.00264716546975959,-0.00243737075003166,0.00243737075003166,"Positive preferred_improvement favors the sensitivity or exploratory analysis; negative values favor the applicable primary-model reference."
"dcaps_sensitivity",5,"calibration_slope",0.902507513729074,0.917011446540665,-0.0145039328115912,-0.0145039328115912,"Positive preferred_improvement favors the sensitivity or exploratory analysis; negative values favor the applicable primary-model reference."
"dcaps_sensitivity",5,"log_loss",0.519258785744232,0.517920060474541,0.00133872526969148,-0.00133872526969148,"Positive preferred_improvement favors the sensitivity or exploratory analysis; negative values favor the applicable primary-model reference."
"dcaps_sensitivity",6,"auc",0.813912642883879,0.813221617575077,0.00069102530880194,0.00069102530880194,"Positive preferred_improvement favors the sensitivity or exploratory analysis; negative values favor the applicable primary-model reference."
"dcaps_sensitivity",6,"brier",0.170304149845841,0.170899495613014,-0.000595345767173211,0.000595345767173211,"Positive preferred_improvement favors the sensitivity or exploratory analysis; negative values favor the applicable primary-model reference."
"dcaps_sensitivity",6,"calibration_intercept",0.00934136364383082,0.00851939273275519,0.000821970911075633,-0.000821970911075633,"Positive preferred_improvement favors the sensitivity or exploratory analysis; negative values favor the applicable primary-model reference."
"dcaps_sensitivity",6,"calibration_slope",0.934654712455114,0.939673675833447,-0.0050189633783333,-0.0050189633783333,"Positive preferred_improvement favors the sensitivity or exploratory analysis; negative values favor the applicable primary-model reference."
"dcaps_sensitivity",6,"log_loss",0.513150486480403,0.51396916774392,-0.000818681263516696,0.000818681263516696,"Positive preferred_improvement favors the sensitivity or exploratory analysis; negative values favor the applicable primary-model reference."
"dcaps_sensitivity",7,"auc",0.811638017909073,0.811522847024272,0.000115170884800397,0.000115170884800397,"Positive preferred_improvement favors the sensitivity or exploratory analysis; negative values favor the applicable primary-model reference."
"dcaps_sensitivity",7,"brier",0.17219625591097,0.172199734443482,-3.47853251234098e-06,3.47853251234098e-06,"Positive preferred_improvement favors the sensitivity or exploratory analysis; negative values favor the applicable primary-model reference."
"dcaps_sensitivity",7,"calibration_intercept",-0.00247619521117176,-0.00734271825210755,0.00486652304093579,0.00486652304093579,"Positive preferred_improvement favors the sensitivity or exploratory analysis; negative values favor the applicable primary-model reference."
"dcaps_sensitivity",7,"calibration_slope",0.907351374837833,0.924852262476179,-0.0175008876383457,-0.0175008876383457,"Positive preferred_improvement favors the sensitivity or exploratory analysis; negative values favor the applicable primary-model reference."
"dcaps_sensitivity",7,"log_loss",0.518912040814758,0.516944725521782,0.00196731529297534,-0.00196731529297534,"Positive preferred_improvement favors the sensitivity or exploratory analysis; negative values favor the applicable primary-model reference."
"dcaps_sensitivity",8,"auc",0.808442025855864,0.808240476807463,0.00020154904840064,0.00020154904840064,"Positive preferred_improvement favors the sensitivity or exploratory analysis; negative values favor the applicable primary-model reference."
"dcaps_sensitivity",8,"brier",0.173993909773558,0.173900858745733,9.30510278250585e-05,-9.30510278250585e-05,"Positive preferred_improvement favors the sensitivity or exploratory analysis; negative values favor the applicable primary-model reference."
"dcaps_sensitivity",8,"calibration_intercept",-0.010484113193743,-0.0096223845630344,-0.000861728630708611,-0.000861728630708611,"Positive preferred_improvement favors the sensitivity or exploratory analysis; negative values favor the applicable primary-model reference."
"dcaps_sensitivity",8,"calibration_slope",0.883974977561485,0.893969691680768,-0.00999471411928243,-0.00999471411928243,"Positive preferred_improvement favors the sensitivity or exploratory analysis; negative values favor the applicable primary-model reference."
"dcaps_sensitivity",8,"log_loss",0.522229538222317,0.52167142156058,0.000558116661737218,-0.000558116661737218,"Positive preferred_improvement favors the sensitivity or exploratory analysis; negative values favor the applicable primary-model reference."
"dcaps_sensitivity",9,"auc",0.810140796406668,0.809536149261467,0.000604647145201698,0.000604647145201698,"Positive preferred_improvement favors the sensitivity or exploratory analysis; negative values favor the applicable primary-model reference."
"dcaps_sensitivity",9,"brier",0.172833421382177,0.173257396540864,-0.000423975158687584,0.000423975158687584,"Positive preferred_improvement favors the sensitivity or exploratory analysis; negative values favor the applicable primary-model reference."
"dcaps_sensitivity",9,"calibration_intercept",-0.0044628842346419,-0.00344193830179427,-0.00102094593284763,-0.00102094593284763,"Positive preferred_improvement favors the sensitivity or exploratory analysis; negative values favor the applicable primary-model reference."
"dcaps_sensitivity",9,"calibration_slope",0.912225877942427,0.920017828751799,-0.00779195080937178,-0.00779195080937178,"Positive preferred_improvement favors the sensitivity or exploratory analysis; negative values favor the applicable primary-model reference."
"dcaps_sensitivity",9,"log_loss",0.518862907039611,0.519177356963561,-0.000314449923950355,0.000314449923950355,"Positive preferred_improvement favors the sensitivity or exploratory analysis; negative values favor the applicable primary-model reference."
"volume_exploratory",1,"auc",0.817195013100688,0.812185079611874,0.00500993348881396,0.00500993348881396,"Positive preferred_improvement favors the sensitivity or exploratory analysis; negative values favor the applicable primary-model reference."
"volume_exploratory",1,"brier",0.169948021012487,0.171987792784885,-0.00203977177239772,0.00203977177239772,"Positive preferred_improvement favors the sensitivity or exploratory analysis; negative values favor the applicable primary-model reference."
"volume_exploratory",1,"calibration_intercept",-0.00607685611238438,-0.00391781420422791,-0.00215904190815647,-0.00215904190815647,"Positive preferred_improvement favors the sensitivity or exploratory analysis; negative values favor the applicable primary-model reference."
"volume_exploratory",1,"calibration_slope",0.915059969477484,0.926361146851497,-0.0113011773740125,-0.0113011773740125,"Positive preferred_improvement favors the sensitivity or exploratory analysis; negative values favor the applicable primary-model reference."
"volume_exploratory",1,"log_loss",0.512898216871073,0.515776618601731,-0.0028784017306579,0.0028784017306579,"Positive preferred_improvement favors the sensitivity or exploratory analysis; negative values favor the applicable primary-model reference."
"volume_exploratory",10,"auc",0.811638017909073,0.808758745789064,0.00287927212000816,0.00287927212000816,"Positive preferred_improvement favors the sensitivity or exploratory analysis; negative values favor the applicable primary-model reference."
"volume_exploratory",10,"brier",0.172954226257217,0.174578736717456,-0.0016245104602392,0.0016245104602392,"Positive preferred_improvement favors the sensitivity or exploratory analysis; negative values favor the applicable primary-model reference."
"volume_exploratory",10,"calibration_intercept",-0.0117631481773425,-0.0101705278920868,-0.00159262028525568,-0.00159262028525568,"Positive preferred_improvement favors the sensitivity or exploratory analysis; negative values favor the applicable primary-model reference."
"volume_exploratory",10,"calibration_slope",0.886936683370592,0.901200040250023,-0.014263356879431,-0.014263356879431,"Positive preferred_improvement favors the sensitivity or exploratory analysis; negative values favor the applicable primary-model reference."
"volume_exploratory",10,"log_loss",0.520162189042118,0.522252934239245,-0.00209074519712737,0.00209074519712737,"Positive preferred_improvement favors the sensitivity or exploratory analysis; negative values favor the applicable primary-model reference."
"volume_exploratory",11,"auc",0.810169589127869,0.80731910972906,0.002850479398808,0.002850479398808,"Positive preferred_improvement favors the sensitivity or exploratory analysis; negative values favor the applicable primary-model reference."
"volume_exploratory",11,"brier",0.173284040519275,0.174076126652669,-0.000792086133393821,0.000792086133393821,"Positive preferred_improvement favors the sensitivity or exploratory analysis; negative values favor the applicable primary-model reference."
"volume_exploratory",11,"calibration_intercept",-0.00086814203247019,0.00236634867232333,-0.00323449070479352,0.00149820663985314,"Positive preferred_improvement favors the sensitivity or exploratory analysis; negative values favor the applicable primary-model reference."
"volume_exploratory",11,"calibration_slope",0.884379467874736,0.906720366362685,-0.022340898487949,-0.022340898487949,"Positive preferred_improvement favors the sensitivity or exploratory analysis; negative values favor the applicable primary-model reference."
"volume_exploratory",11,"log_loss",0.521208007710717,0.521739063981714,-0.000531056270997698,0.000531056270997698,"Positive preferred_improvement favors the sensitivity or exploratory analysis; negative values favor the applicable primary-model reference."
"volume_exploratory",12,"auc",0.815755377040684,0.811781981515073,0.00397339552561116,0.00397339552561116,"Positive preferred_improvement favors the sensitivity or exploratory analysis; negative values favor the applicable primary-model reference."
"volume_exploratory",12,"brier",0.170498680643033,0.172177793076781,-0.00167911243374752,0.00167911243374752,"Positive preferred_improvement favors the sensitivity or exploratory analysis; negative values favor the applicable primary-model reference."
"volume_exploratory",12,"calibration_intercept",-0.00284974574723932,-0.00340358898796335,0.000553843240724032,0.000553843240724032,"Positive preferred_improvement favors the sensitivity or exploratory analysis; negative values favor the applicable primary-model reference."
"volume_exploratory",12,"calibration_slope",0.912905558901463,0.927459473253037,-0.0145539143515738,-0.0145539143515738,"Positive preferred_improvement favors the sensitivity or exploratory analysis; negative values favor the applicable primary-model reference."
"volume_exploratory",12,"log_loss",0.514308170671288,0.516671511101402,-0.00236334043011377,0.00236334043011377,"Positive preferred_improvement favors the sensitivity or exploratory analysis; negative values favor the applicable primary-model reference."
"volume_exploratory",13,"auc",0.813221617575077,0.81065906538827,0.00256255218680723,0.00256255218680723,"Positive preferred_improvement favors the sensitivity or exploratory analysis; negative values favor the applicable primary-model reference."
"volume_exploratory",13,"brier",0.171184253733599,0.172868758225288,-0.00168450449168933,0.00168450449168933,"Positive preferred_improvement favors the sensitivity or exploratory analysis; negative values favor the applicable primary-model reference."
"volume_exploratory",13,"calibration_intercept",-0.00179396375381805,-0.0083423940427937,0.00654843028897566,0.00654843028897566,"Positive preferred_improvement favors the sensitivity or exploratory analysis; negative values favor the applicable primary-model reference."
"volume_exploratory",13,"calibration_slope",0.915058435033738,0.931095757879518,-0.0160373228457803,-0.0160373228457803,"Positive preferred_improvement favors the sensitivity or exploratory analysis; negative values favor the applicable primary-model reference."
"volume_exploratory",13,"log_loss",0.515967487977654,0.518319031813323,-0.00235154383566927,0.00235154383566927,"Positive preferred_improvement favors the sensitivity or exploratory analysis; negative values favor the applicable primary-model reference."
"volume_exploratory",14,"auc",0.811090956206271,0.809708905588667,0.00138205061760388,0.00138205061760388,"Positive preferred_improvement favors the sensitivity or exploratory analysis; negative values favor the applicable primary-model reference."
"volume_exploratory",14,"brier",0.172623015045102,0.172830657207411,-0.000207642162309535,0.000207642162309535,"Positive preferred_improvement favors the sensitivity or exploratory analysis; negative values favor the applicable primary-model reference."
"volume_exploratory",14,"calibration_intercept",0.000558619330788962,-0.00639841489284316,0.00695703422363212,0.00583979556205419,"Positive preferred_improvement favors the sensitivity or exploratory analysis; negative values favor the applicable primary-model reference."
"volume_exploratory",14,"calibration_slope",0.87971645439821,0.912301976879714,-0.032585522481504,-0.032585522481504,"Positive preferred_improvement favors the sensitivity or exploratory analysis; negative values favor the applicable primary-model reference."
"volume_exploratory",14,"log_loss",0.520687836363497,0.519041472981528,0.00164636338196955,-0.00164636338196955,"Positive preferred_improvement favors the sensitivity or exploratory analysis; negative values favor the applicable primary-model reference."
"volume_exploratory",15,"auc",0.814632460913881,0.812559384987475,0.00207307592640582,0.00207307592640582,"Positive preferred_improvement favors the sensitivity or exploratory analysis; negative values favor the applicable primary-model reference."
"volume_exploratory",15,"brier",0.17189276481103,0.172121281741565,-0.000228516930535189,0.000228516930535189,"Positive preferred_improvement favors the sensitivity or exploratory analysis; negative values favor the applicable primary-model reference."
"volume_exploratory",15,"calibration_intercept",-0.00542104739180225,-0.00248678042868241,-0.00293426696311983,-0.00293426696311983,"Positive preferred_improvement favors the sensitivity or exploratory analysis; negative values favor the applicable primary-model reference."
"volume_exploratory",15,"calibration_slope",0.894823020281531,0.93034767995767,-0.0355246596761393,-0.0355246596761393,"Positive preferred_improvement favors the sensitivity or exploratory analysis; negative values favor the applicable primary-model reference."
"volume_exploratory",15,"log_loss",0.516769243231077,0.51535107581344,0.0014181674176369,-0.0014181674176369,"Positive preferred_improvement favors the sensitivity or exploratory analysis; negative values favor the applicable primary-model reference."
"volume_exploratory",16,"auc",0.813279203017477,0.808470818577064,0.00480838444041343,0.00480838444041343,"Positive preferred_improvement favors the sensitivity or exploratory analysis; negative values favor the applicable primary-model reference."
"volume_exploratory",16,"brier",0.171746036337266,0.173587265911178,-0.00184122957391253,0.00184122957391253,"Positive preferred_improvement favors the sensitivity or exploratory analysis; negative values favor the applicable primary-model reference."
"volume_exploratory",16,"calibration_intercept",-0.00268176732789579,-0.00150481660117236,-0.00117695072672344,-0.00117695072672344,"Positive preferred_improvement favors the sensitivity or exploratory analysis; negative values favor the applicable primary-model reference."
"volume_exploratory",16,"calibration_slope",0.897522500401919,0.908039540662432,-0.0105170402605123,-0.0105170402605123,"Positive preferred_improvement favors the sensitivity or exploratory analysis; negative values favor the applicable primary-model reference."
"volume_exploratory",16,"log_loss",0.518120782139344,0.521140757611386,-0.00301997547204169,0.00301997547204169,"Positive preferred_improvement favors the sensitivity or exploratory analysis; negative values favor the applicable primary-model reference."
"volume_exploratory",17,"auc",0.816100889695085,0.81411419193228,0.00198669776280558,0.00198669776280558,"Positive preferred_improvement favors the sensitivity or exploratory analysis; negative values favor the applicable primary-model reference."
"volume_exploratory",17,"brier",0.169979126539413,0.171004813697954,-0.00102568715854068,0.00102568715854068,"Positive preferred_improvement favors the sensitivity or exploratory analysis; negative values favor the applicable primary-model reference."
"volume_exploratory",17,"calibration_intercept",-0.0106549936260451,-0.00990288121159429,-0.00075211241445082,-0.00075211241445082,"Positive preferred_improvement favors the sensitivity or exploratory analysis; negative values favor the applicable primary-model reference."
"volume_exploratory",17,"calibration_slope",0.910816502653554,0.932293770136408,-0.0214772674828536,-0.0214772674828536,"Positive preferred_improvement favors the sensitivity or exploratory analysis; negative values favor the applicable primary-model reference."
"volume_exploratory",17,"log_loss",0.51240990338575,0.513214855892205,-0.000804952506454959,0.000804952506454959,"Positive preferred_improvement favors the sensitivity or exploratory analysis; negative values favor the applicable primary-model reference."
"volume_exploratory",18,"auc",0.814834009962282,0.809939247358268,0.00489476260401367,0.00489476260401367,"Positive preferred_improvement favors the sensitivity or exploratory analysis; negative values favor the applicable primary-model reference."
"volume_exploratory",18,"brier",0.170588005793633,0.172786429603392,-0.00219842380975926,0.00219842380975926,"Positive preferred_improvement favors the sensitivity or exploratory analysis; negative values favor the applicable primary-model reference."
"volume_exploratory",18,"calibration_intercept",0.00380535580353224,0.00309516718576187,0.000710188617770369,-0.000710188617770369,"Positive preferred_improvement favors the sensitivity or exploratory analysis; negative values favor the applicable primary-model reference."
"volume_exploratory",18,"calibration_slope",0.900653693316683,0.91154911689642,-0.0108954235797367,-0.0108954235797367,"Positive preferred_improvement favors the sensitivity or exploratory analysis; negative values favor the applicable primary-model reference."
"volume_exploratory",18,"log_loss",0.515980153653707,0.519216106669136,-0.00323595301542923,0.00323595301542923,"Positive preferred_improvement favors the sensitivity or exploratory analysis; negative values favor the applicable primary-model reference."
"volume_exploratory",19,"auc",0.805764302784256,0.803086579712649,0.00267772307160752,0.00267772307160752,"Positive preferred_improvement favors the sensitivity or exploratory analysis; negative values favor the applicable primary-model reference."
"volume_exploratory",19,"brier",0.17510389983885,0.175734066421976,-0.000630166583125757,0.000630166583125757,"Positive preferred_improvement favors the sensitivity or exploratory analysis; negative values favor the applicable primary-model reference."
"volume_exploratory",19,"calibration_intercept",-0.000486977466209644,-0.00396636878665349,0.00347939132044385,0.00347939132044385,"Positive preferred_improvement favors the sensitivity or exploratory analysis; negative values favor the applicable primary-model reference."
"volume_exploratory",19,"calibration_slope",0.856460390244597,0.881562403626859,-0.0251020133822628,-0.0251020133822628,"Positive preferred_improvement favors the sensitivity or exploratory analysis; negative values favor the applicable primary-model reference."
"volume_exploratory",19,"log_loss",0.526850816387595,0.526645288784003,0.000205527603592048,-0.000205527603592048,"Positive preferred_improvement favors the sensitivity or exploratory analysis; negative values favor the applicable primary-model reference."
"volume_exploratory",2,"auc",0.805246033802655,0.805274826523855,-2.87927212000438e-05,-2.87927212000438e-05,"Positive preferred_improvement favors the sensitivity or exploratory analysis; negative values favor the applicable primary-model reference."
"volume_exploratory",2,"brier",0.175627935073109,0.175389038191729,0.000238896881379735,-0.000238896881379735,"Positive preferred_improvement favors the sensitivity or exploratory analysis; negative values favor the applicable primary-model reference."
"volume_exploratory",2,"calibration_intercept",0.00924953496335209,0.0100195593614031,-0.000770024398051052,0.000770024398051052,"Positive preferred_improvement favors the sensitivity or exploratory analysis; negative values favor the applicable primary-model reference."
"volume_exploratory",2,"calibration_slope",0.853458481810842,0.885947478378811,-0.0324889965679692,-0.0324889965679692,"Positive preferred_improvement favors the sensitivity or exploratory analysis; negative values favor the applicable primary-model reference."
"volume_exploratory",2,"log_loss",0.529262326683668,0.526734350396397,0.00252797628727097,-0.00252797628727097,"Positive preferred_improvement favors the sensitivity or exploratory analysis; negative values favor the applicable primary-model reference."
"volume_exploratory",20,"auc",0.808989087558665,0.805044484754254,0.003944602804411,0.003944602804411,"Positive preferred_improvement favors the sensitivity or exploratory analysis; negative values favor the applicable primary-model reference."
"volume_exploratory",20,"brier",0.173373264633681,0.174332834407047,-0.000959569773366614,0.000959569773366614,"Positive preferred_improvement favors the sensitivity or exploratory analysis; negative values favor the applicable primary-model reference."
"volume_exploratory",20,"calibration_intercept",-0.00453749642638669,-0.00491373235078236,0.000376235924395667,0.000376235924395667,"Positive preferred_improvement favors the sensitivity or exploratory analysis; negative values favor the applicable primary-model reference."
"volume_exploratory",20,"calibration_slope",0.862285585538141,0.890770219896595,-0.0284846343584539,-0.0284846343584539,"Positive preferred_improvement favors the sensitivity or exploratory analysis; negative values favor the applicable primary-model reference."
"volume_exploratory",20,"log_loss",0.523987096366675,0.523153295464583,0.000833800902092507,-0.000833800902092507,"Positive preferred_improvement favors the sensitivity or exploratory analysis; negative values favor the applicable primary-model reference."
"volume_exploratory",3,"auc",0.812242665054274,0.807549451498661,0.00469321355561314,0.00469321355561314,"Positive preferred_improvement favors the sensitivity or exploratory analysis; negative values favor the applicable primary-model reference."
"volume_exploratory",3,"brier",0.172509317783035,0.173962316183686,-0.00145299840065069,0.00145299840065069,"Positive preferred_improvement favors the sensitivity or exploratory analysis; negative values favor the applicable primary-model reference."
"volume_exploratory",3,"calibration_intercept",0.00484261972885164,-0.000711249932906667,0.00555386966175831,-0.00413136979594498,"Positive preferred_improvement favors the sensitivity or exploratory analysis; negative values favor the applicable primary-model reference."
"volume_exploratory",3,"calibration_slope",0.887712346553473,0.907556289253833,-0.0198439427003594,-0.0198439427003594,"Positive preferred_improvement favors the sensitivity or exploratory analysis; negative values favor the applicable primary-model reference."
"volume_exploratory",3,"log_loss",0.519080080535233,0.520233354307193,-0.00115327377195984,0.00115327377195984,"Positive preferred_improvement favors the sensitivity or exploratory analysis; negative values favor the applicable primary-model reference."
"volume_exploratory",4,"auc",0.817396562149089,0.813164032132677,0.00423253001641188,0.00423253001641188,"Positive preferred_improvement favors the sensitivity or exploratory analysis; negative values favor the applicable primary-model reference."
"volume_exploratory",4,"brier",0.169974652467292,0.171839124972383,-0.0018644725050912,0.0018644725050912,"Positive preferred_improvement favors the sensitivity or exploratory analysis; negative values favor the applicable primary-model reference."
"volume_exploratory",4,"calibration_intercept",-0.000948386805105112,-0.00475924443255374,0.00381085762744863,0.00381085762744863,"Positive preferred_improvement favors the sensitivity or exploratory analysis; negative values favor the applicable primary-model reference."
"volume_exploratory",4,"calibration_slope",0.915030193958455,0.931009758502838,-0.0159795645443837,-0.0159795645443837,"Positive preferred_improvement favors the sensitivity or exploratory analysis; negative values favor the applicable primary-model reference."
"volume_exploratory",4,"log_loss",0.513347806093171,0.515760608219285,-0.00241280212611317,0.00241280212611317,"Positive preferred_improvement favors the sensitivity or exploratory analysis; negative values favor the applicable primary-model reference."
"volume_exploratory",5,"auc",0.812789726757076,0.811148541648671,0.00164118510840461,0.00164118510840461,"Positive preferred_improvement favors the sensitivity or exploratory analysis; negative values favor the applicable primary-model reference."
"volume_exploratory",5,"brier",0.172074051350314,0.172424477014284,-0.000350425663970144,0.000350425663970144,"Positive preferred_improvement favors the sensitivity or exploratory analysis; negative values favor the applicable primary-model reference."
"volume_exploratory",5,"calibration_intercept",0.00342562114968946,0.00264716546975959,0.00077845567992987,-0.00077845567992987,"Positive preferred_improvement favors the sensitivity or exploratory analysis; negative values favor the applicable primary-model reference."
"volume_exploratory",5,"calibration_slope",0.885548069118276,0.917011446540665,-0.0314633774223887,-0.0314633774223887,"Positive preferred_improvement favors the sensitivity or exploratory analysis; negative values favor the applicable primary-model reference."
"volume_exploratory",5,"log_loss",0.520179703986146,0.517920060474541,0.00225964351160524,-0.00225964351160524,"Positive preferred_improvement favors the sensitivity or exploratory analysis; negative values favor the applicable primary-model reference."
"volume_exploratory",6,"auc",0.818692234603092,0.813221617575077,0.00547061702801532,0.00547061702801532,"Positive preferred_improvement favors the sensitivity or exploratory analysis; negative values favor the applicable primary-model reference."
"volume_exploratory",6,"brier",0.169215205572044,0.170899495613014,-0.00168429004096987,0.00168429004096987,"Positive preferred_improvement favors the sensitivity or exploratory analysis; negative values favor the applicable primary-model reference."
"volume_exploratory",6,"calibration_intercept",0.0108065070843254,0.00851939273275519,0.0022871143515702,-0.0022871143515702,"Positive preferred_improvement favors the sensitivity or exploratory analysis; negative values favor the applicable primary-model reference."
"volume_exploratory",6,"calibration_slope",0.922573048653807,0.939673675833447,-0.01710062717964,-0.01710062717964,"Positive preferred_improvement favors the sensitivity or exploratory analysis; negative values favor the applicable primary-model reference."
"volume_exploratory",6,"log_loss",0.512258281170658,0.51396916774392,-0.00171088657326213,0.00171088657326213,"Positive preferred_improvement favors the sensitivity or exploratory analysis; negative values favor the applicable primary-model reference."
"volume_exploratory",7,"auc",0.814718839077481,0.811522847024272,0.00319599205320897,0.00319599205320897,"Positive preferred_improvement favors the sensitivity or exploratory analysis; negative values favor the applicable primary-model reference."
"volume_exploratory",7,"brier",0.171427599484339,0.172199734443482,-0.000772134959143106,0.000772134959143106,"Positive preferred_improvement favors the sensitivity or exploratory analysis; negative values favor the applicable primary-model reference."
"volume_exploratory",7,"calibration_intercept",-0.010991454501427,-0.00734271825210755,-0.00364873624931946,-0.00364873624931946,"Positive preferred_improvement favors the sensitivity or exploratory analysis; negative values favor the applicable primary-model reference."
"volume_exploratory",7,"calibration_slope",0.901199366024017,0.924852262476179,-0.0236528964521625,-0.0236528964521625,"Positive preferred_improvement favors the sensitivity or exploratory analysis; negative values favor the applicable primary-model reference."
"volume_exploratory",7,"log_loss",0.516462937982905,0.516944725521782,-0.000481787538877176,0.000481787538877176,"Positive preferred_improvement favors the sensitivity or exploratory analysis; negative values favor the applicable primary-model reference."
"volume_exploratory",8,"auc",0.81071665083067,0.808240476807463,0.00247617402320699,0.00247617402320699,"Positive preferred_improvement favors the sensitivity or exploratory analysis; negative values favor the applicable primary-model reference."
"volume_exploratory",8,"brier",0.173270131907173,0.173900858745733,-0.000630726838560025,0.000630726838560025,"Positive preferred_improvement favors the sensitivity or exploratory analysis; negative values favor the applicable primary-model reference."
"volume_exploratory",8,"calibration_intercept",-0.0232493921507903,-0.0096223845630344,-0.0136270075877559,-0.0136270075877559,"Positive preferred_improvement favors the sensitivity or exploratory analysis; negative values favor the applicable primary-model reference."
"volume_exploratory",8,"calibration_slope",0.874200941374837,0.893969691680768,-0.0197687503059307,-0.0197687503059307,"Positive preferred_improvement favors the sensitivity or exploratory analysis; negative values favor the applicable primary-model reference."
"volume_exploratory",8,"log_loss",0.521964341172842,0.52167142156058,0.000292919612262077,-0.000292919612262077,"Positive preferred_improvement favors the sensitivity or exploratory analysis; negative values favor the applicable primary-model reference."
"volume_exploratory",9,"auc",0.812703348593476,0.809536149261467,0.00316719933200893,0.00316719933200893,"Positive preferred_improvement favors the sensitivity or exploratory analysis; negative values favor the applicable primary-model reference."
"volume_exploratory",9,"brier",0.171876119801769,0.173257396540864,-0.00138127673909541,0.00138127673909541,"Positive preferred_improvement favors the sensitivity or exploratory analysis; negative values favor the applicable primary-model reference."
"volume_exploratory",9,"calibration_intercept",-0.00579744959698159,-0.00344193830179427,-0.00235551129518731,-0.00235551129518731,"Positive preferred_improvement favors the sensitivity or exploratory analysis; negative values favor the applicable primary-model reference."
"volume_exploratory",9,"calibration_slope",0.897181612721835,0.920017828751799,-0.022836216029964,-0.022836216029964,"Positive preferred_improvement favors the sensitivity or exploratory analysis; negative values favor the applicable primary-model reference."
"volume_exploratory",9,"log_loss",0.518367334846485,0.519177356963561,-0.000810022117076148,0.000810022117076148,"Positive preferred_improvement favors the sensitivity or exploratory analysis; negative values favor the applicable primary-model reference."
"zero_gleason_exclusion",1,"auc",0.810515613652869,0.810515613652869,0,0,"Positive preferred_improvement favors the sensitivity or exploratory analysis; negative values favor the applicable primary-model reference."
"zero_gleason_exclusion",1,"brier",0.172897872975838,0.172897780572068,9.2403769913485e-08,-9.2403769913485e-08,"Positive preferred_improvement favors the sensitivity or exploratory analysis; negative values favor the applicable primary-model reference."
"zero_gleason_exclusion",1,"calibration_intercept",-0.00391604972610231,-0.0039086694651819,-7.38026092041068e-06,-7.38026092041068e-06,"Positive preferred_improvement favors the sensitivity or exploratory analysis; negative values favor the applicable primary-model reference."
"zero_gleason_exclusion",1,"calibration_slope",0.926321325025194,0.926276228818526,4.50962066679272e-05,4.50962066679272e-05,"Positive preferred_improvement favors the sensitivity or exploratory analysis; negative values favor the applicable primary-model reference."
"zero_gleason_exclusion",1,"log_loss",0.518504730778711,0.518504074757309,6.56021402534179e-07,-6.56021402534179e-07,"Positive preferred_improvement favors the sensitivity or exploratory analysis; negative values favor the applicable primary-model reference."
"zero_gleason_exclusion",10,"auc",0.807058823529412,0.807058823529412,0,0,"Positive preferred_improvement favors the sensitivity or exploratory analysis; negative values favor the applicable primary-model reference."
"zero_gleason_exclusion",10,"brier",0.175503310222919,0.175502433622783,8.76600136506811e-07,-8.76600136506811e-07,"Positive preferred_improvement favors the sensitivity or exploratory analysis; negative values favor the applicable primary-model reference."
"zero_gleason_exclusion",10,"calibration_intercept",-0.0101801672236066,-0.0101662255831817,-1.39416404249023e-05,-1.39416404249023e-05,"Positive preferred_improvement favors the sensitivity or exploratory analysis; negative values favor the applicable primary-model reference."
"zero_gleason_exclusion",10,"calibration_slope",0.901184093272083,0.901143918558636,4.0174713446639e-05,4.0174713446639e-05,"Positive preferred_improvement favors the sensitivity or exploratory analysis; negative values favor the applicable primary-model reference."
"zero_gleason_exclusion",10,"log_loss",0.525017947706431,0.525015456705888,2.49100054350304e-06,-2.49100054350304e-06,"Positive preferred_improvement favors the sensitivity or exploratory analysis; negative values favor the applicable primary-model reference."
"zero_gleason_exclusion",11,"auc",0.80560639070443,0.80560639070443,0,0,"Positive preferred_improvement favors the sensitivity or exploratory analysis; negative values favor the applicable primary-model reference."
"zero_gleason_exclusion",11,"brier",0.174997505283354,0.17499716345174,3.41831613709376e-07,-3.41831613709376e-07,"Positive preferred_improvement favors the sensitivity or exploratory analysis; negative values favor the applicable primary-model reference."
"zero_gleason_exclusion",11,"calibration_intercept",0.00236551593975883,0.00237813982555191,-1.26238857930767e-05,1.26238857930767e-05,"Positive preferred_improvement favors the sensitivity or exploratory analysis; negative values favor the applicable primary-model reference."
"zero_gleason_exclusion",11,"calibration_slope",0.906644472076552,0.906602482124495,4.19899520569533e-05,4.19899520569533e-05,"Positive preferred_improvement favors the sensitivity or exploratory analysis; negative values favor the applicable primary-model reference."
"zero_gleason_exclusion",11,"log_loss",0.524498151333431,0.524497633222564,5.18110867209209e-07,-5.18110867209209e-07,"Positive preferred_improvement favors the sensitivity or exploratory analysis; negative values favor the applicable primary-model reference."
"zero_gleason_exclusion",12,"auc",0.810108932461874,0.810108932461874,0,0,"Positive preferred_improvement favors the sensitivity or exploratory analysis; negative values favor the applicable primary-model reference."
"zero_gleason_exclusion",12,"brier",0.173089508158483,0.173088785873993,7.22284490550784e-07,-7.22284490550784e-07,"Positive preferred_improvement favors the sensitivity or exploratory analysis; negative values favor the applicable primary-model reference."
"zero_gleason_exclusion",12,"calibration_intercept",-0.00340398102531395,-0.00339222611404661,-1.17549112673369e-05,-1.17549112673369e-05,"Positive preferred_improvement favors the sensitivity or exploratory analysis; negative values favor the applicable primary-model reference."
"zero_gleason_exclusion",12,"calibration_slope",0.927396673865945,0.927357853995652,3.88198702934162e-05,3.88198702934162e-05,"Positive preferred_improvement favors the sensitivity or exploratory analysis; negative values favor the applicable primary-model reference."
"zero_gleason_exclusion",12,"log_loss",0.519405343676311,0.519403327311947,2.01636436414354e-06,-2.01636436414354e-06,"Positive preferred_improvement favors the sensitivity or exploratory analysis; negative values favor the applicable primary-model reference."
"zero_gleason_exclusion",13,"auc",0.808976034858388,0.808976034858388,0,0,"Positive preferred_improvement favors the sensitivity or exploratory analysis; negative values favor the applicable primary-model reference."
"zero_gleason_exclusion",13,"brier",0.173784027886959,0.173783407433649,6.20453310007374e-07,-6.20453310007374e-07,"Positive preferred_improvement favors the sensitivity or exploratory analysis; negative values favor the applicable primary-model reference."
"zero_gleason_exclusion",13,"calibration_intercept",-0.00834507147403327,-0.00833587280573727,-9.19866829599686e-06,-9.19866829599686e-06,"Positive preferred_improvement favors the sensitivity or exploratory analysis; negative values favor the applicable primary-model reference."
"zero_gleason_exclusion",13,"calibration_slope",0.931074919877361,0.931031871928818,4.3047948542374e-05,4.3047948542374e-05,"Positive preferred_improvement favors the sensitivity or exploratory analysis; negative values favor the applicable primary-model reference."
"zero_gleason_exclusion",13,"log_loss",0.521062041510075,0.521060360040577,1.68146949763859e-06,-1.68146949763859e-06,"Positive preferred_improvement favors the sensitivity or exploratory analysis; negative values favor the applicable primary-model reference."
"zero_gleason_exclusion",14,"auc",0.808046477850399,0.8080174291939,2.90486564996639e-05,2.90486564996639e-05,"Positive preferred_improvement favors the sensitivity or exploratory analysis; negative values favor the applicable primary-model reference."
"zero_gleason_exclusion",14,"brier",0.173745535899072,0.173745104418818,4.31480253471062e-07,-4.31480253471062e-07,"Positive preferred_improvement favors the sensitivity or exploratory analysis; negative values favor the applicable primary-model reference."
"zero_gleason_exclusion",14,"calibration_intercept",-0.0064006162991456,-0.00638757598262933,-1.30403165162678e-05,-1.30403165162678e-05,"Positive preferred_improvement favors the sensitivity or exploratory analysis; negative values favor the applicable primary-model reference."
"zero_gleason_exclusion",14,"calibration_slope",0.912236222956892,0.912194669667933,4.1553288959717e-05,4.1553288959717e-05,"Positive preferred_improvement favors the sensitivity or exploratory analysis; negative values favor the applicable primary-model reference."
"zero_gleason_exclusion",14,"log_loss",0.521787060870014,0.521785916728013,1.14414200136359e-06,-1.14414200136359e-06,"Positive preferred_improvement favors the sensitivity or exploratory analysis; negative values favor the applicable primary-model reference."
"zero_gleason_exclusion",15,"auc",0.810893246187364,0.810893246187364,0,0,"Positive preferred_improvement favors the sensitivity or exploratory analysis; negative values favor the applicable primary-model reference."
"zero_gleason_exclusion",15,"brier",0.173032545963308,0.173031975737244,5.7022606445023e-07,-5.7022606445023e-07,"Positive preferred_improvement favors the sensitivity or exploratory analysis; negative values favor the applicable primary-model reference."
"zero_gleason_exclusion",15,"calibration_intercept",-0.002490790532413,-0.0024768794140806,-1.39111183324035e-05,-1.39111183324035e-05,"Positive preferred_improvement favors the sensitivity or exploratory analysis; negative values favor the applicable primary-model reference."
"zero_gleason_exclusion",15,"calibration_slope",0.930301833014153,0.930259374357496,4.2458656656863e-05,4.2458656656863e-05,"Positive preferred_improvement favors the sensitivity or exploratory analysis; negative values favor the applicable primary-model reference."
"zero_gleason_exclusion",15,"log_loss",0.518077762744998,0.518076155540649,1.60720434938533e-06,-1.60720434938533e-06,"Positive preferred_improvement favors the sensitivity or exploratory analysis; negative values favor the applicable primary-model reference."
"zero_gleason_exclusion",16,"auc",0.806768336964415,0.806768336964415,0,0,"Positive preferred_improvement favors the sensitivity or exploratory analysis; negative values favor the applicable primary-model reference."
"zero_gleason_exclusion",16,"brier",0.17450626200002,0.174505716215719,5.45784301253516e-07,-5.45784301253516e-07,"Positive preferred_improvement favors the sensitivity or exploratory analysis; negative values favor the applicable primary-model reference."
"zero_gleason_exclusion",16,"calibration_intercept",-0.0015071832909403,-0.00149455742135658,-1.26258695837202e-05,-1.26258695837202e-05,"Positive preferred_improvement favors the sensitivity or exploratory analysis; negative values favor the applicable primary-model reference."
"zero_gleason_exclusion",16,"calibration_slope",0.907979158084899,0.907938656771564,4.05013133348842e-05,4.05013133348842e-05,"Positive preferred_improvement favors the sensitivity or exploratory analysis; negative values favor the applicable primary-model reference."
"zero_gleason_exclusion",16,"log_loss",0.523897914571475,0.523896411117138,1.50345433702626e-06,-1.50345433702626e-06,"Positive preferred_improvement favors the sensitivity or exploratory analysis; negative values favor the applicable primary-model reference."
"zero_gleason_exclusion",17,"auc",0.812490922294844,0.812461873638344,2.90486564996639e-05,2.90486564996639e-05,"Positive preferred_improvement favors the sensitivity or exploratory analysis; negative values favor the applicable primary-model reference."
"zero_gleason_exclusion",17,"brier",0.171909546784832,0.171909600331194,-5.35463627049371e-08,5.35463627049371e-08,"Positive preferred_improvement favors the sensitivity or exploratory analysis; negative values favor the applicable primary-model reference."
"zero_gleason_exclusion",17,"calibration_intercept",-0.00990155109900481,-0.00989314800450524,-8.403094499565e-06,-8.403094499565e-06,"Positive preferred_improvement favors the sensitivity or exploratory analysis; negative values favor the applicable primary-model reference."
"zero_gleason_exclusion",17,"calibration_slope",0.932258187998656,0.93221107718104,4.71108176156587e-05,4.71108176156587e-05,"Positive preferred_improvement favors the sensitivity or exploratory analysis; negative values favor the applicable primary-model reference."
"zero_gleason_exclusion",17,"log_loss",0.515928559541833,0.515928655523742,-9.59819088652836e-08,9.59819088652836e-08,"Positive preferred_improvement favors the sensitivity or exploratory analysis; negative values favor the applicable primary-model reference."
"zero_gleason_exclusion",18,"auc",0.808249818445897,0.808249818445897,0,0,"Positive preferred_improvement favors the sensitivity or exploratory analysis; negative values favor the applicable primary-model reference."
"zero_gleason_exclusion",18,"brier",0.173701123113394,0.173700643033684,4.80079709902492e-07,-4.80079709902492e-07,"Positive preferred_improvement favors the sensitivity or exploratory analysis; negative values favor the applicable primary-model reference."
"zero_gleason_exclusion",18,"calibration_intercept",0.00309335976060967,0.00310403671987447,-1.06769592648015e-05,1.06769592648015e-05,"Positive preferred_improvement favors the sensitivity or exploratory analysis; negative values favor the applicable primary-model reference."
"zero_gleason_exclusion",18,"calibration_slope",0.911503119745198,0.911457826412475,4.52933327236282e-05,4.52933327236282e-05,"Positive preferred_improvement favors the sensitivity or exploratory analysis; negative values favor the applicable primary-model reference."
"zero_gleason_exclusion",18,"log_loss",0.521963142768727,0.521961818043272,1.32472545477658e-06,-1.32472545477658e-06,"Positive preferred_improvement favors the sensitivity or exploratory analysis; negative values favor the applicable primary-model reference."
"zero_gleason_exclusion",19,"auc",0.801336238198983,0.801336238198983,0,0,"Positive preferred_improvement favors the sensitivity or exploratory analysis; negative values favor the applicable primary-model reference."
"zero_gleason_exclusion",19,"brier",0.176664506798349,0.176663875241588,6.31556761665486e-07,-6.31556761665486e-07,"Positive preferred_improvement favors the sensitivity or exploratory analysis; negative values favor the applicable primary-model reference."
"zero_gleason_exclusion",19,"calibration_intercept",-0.00396058202744431,-0.00395464384342003,-5.93818402427632e-06,-5.93818402427632e-06,"Positive preferred_improvement favors the sensitivity or exploratory analysis; negative values favor the applicable primary-model reference."
"zero_gleason_exclusion",19,"calibration_slope",0.881466801366637,0.881431202128861,3.55992377761849e-05,3.55992377761849e-05,"Positive preferred_improvement favors the sensitivity or exploratory analysis; negative values favor the applicable primary-model reference."
"zero_gleason_exclusion",19,"log_loss",0.529431176234576,0.529429824881619,1.35135295664668e-06,-1.35135295664668e-06,"Positive preferred_improvement favors the sensitivity or exploratory analysis; negative values favor the applicable primary-model reference."
"zero_gleason_exclusion",2,"auc",0.803543936092956,0.803543936092956,0,0,"Positive preferred_improvement favors the sensitivity or exploratory analysis; negative values favor the applicable primary-model reference."
"zero_gleason_exclusion",2,"brier",0.176319211385605,0.176317022023153,2.18936245241497e-06,-2.18936245241497e-06,"Positive preferred_improvement favors the sensitivity or exploratory analysis; negative values favor the applicable primary-model reference."
"zero_gleason_exclusion",2,"calibration_intercept",0.0100167258617436,0.0100283379934383,-1.16121316947621e-05,1.16121316947621e-05,"Positive preferred_improvement favors the sensitivity or exploratory analysis; negative values favor the applicable primary-model reference."
"zero_gleason_exclusion",2,"calibration_slope",0.885867134043691,0.885840249580729,2.68844629613962e-05,2.68844629613962e-05,"Positive preferred_improvement favors the sensitivity or exploratory analysis; negative values favor the applicable primary-model reference."
"zero_gleason_exclusion",2,"log_loss",0.529525638273181,0.529519861057311,5.77721587013968e-06,-5.77721587013968e-06,"Positive preferred_improvement favors the sensitivity or exploratory analysis; negative values favor the applicable primary-model reference."
"zero_gleason_exclusion",20,"auc",0.803311546840959,0.803311546840959,0,0,"Positive preferred_improvement favors the sensitivity or exploratory analysis; negative values favor the applicable primary-model reference."
"zero_gleason_exclusion",20,"brier",0.175256184996194,0.175255230196685,9.54799509372828e-07,-9.54799509372828e-07,"Positive preferred_improvement favors the sensitivity or exploratory analysis; negative values favor the applicable primary-model reference."
"zero_gleason_exclusion",20,"calibration_intercept",-0.00491945986203041,-0.00490846976064773,-1.09901013826798e-05,-1.09901013826798e-05,"Positive preferred_improvement favors the sensitivity or exploratory analysis; negative values favor the applicable primary-model reference."
"zero_gleason_exclusion",20,"calibration_slope",0.890733471390592,0.890699167626101,3.4303764491761e-05,3.4303764491761e-05,"Positive preferred_improvement favors the sensitivity or exploratory analysis; negative values favor the applicable primary-model reference."
"zero_gleason_exclusion",20,"log_loss",0.525922835385152,0.525920428177646,2.4072075063275e-06,-2.4072075063275e-06,"Positive preferred_improvement favors the sensitivity or exploratory analysis; negative values favor the applicable primary-model reference."
"zero_gleason_exclusion",3,"auc",0.805838779956427,0.805838779956427,0,0,"Positive preferred_improvement favors the sensitivity or exploratory analysis; negative values favor the applicable primary-model reference."
"zero_gleason_exclusion",3,"brier",0.174883379259081,0.174882750853122,6.28405958991163e-07,-6.28405958991163e-07,"Positive preferred_improvement favors the sensitivity or exploratory analysis; negative values favor the applicable primary-model reference."
"zero_gleason_exclusion",3,"calibration_intercept",-0.000714016409786271,-0.000700826423905505,-1.31899858807664e-05,-1.31899858807664e-05,"Positive preferred_improvement favors the sensitivity or exploratory analysis; negative values favor the applicable primary-model reference."
"zero_gleason_exclusion",3,"calibration_slope",0.907495107500044,0.907454215574891,4.08919251528861e-05,4.08919251528861e-05,"Positive preferred_improvement favors the sensitivity or exploratory analysis; negative values favor the applicable primary-model reference."
"zero_gleason_exclusion",3,"log_loss",0.522985495555876,0.522984184422128,1.31113374790548e-06,-1.31113374790548e-06,"Positive preferred_improvement favors the sensitivity or exploratory analysis; negative values favor the applicable primary-model reference."
"zero_gleason_exclusion",4,"auc",0.811474219317357,0.811503267973856,-2.90486564996639e-05,-2.90486564996639e-05,"Positive preferred_improvement favors the sensitivity or exploratory analysis; negative values favor the applicable primary-model reference."
"zero_gleason_exclusion",4,"brier",0.172748355961745,0.172748325606116,3.03556287051254e-08,-3.03556287051254e-08,"Positive preferred_improvement favors the sensitivity or exploratory analysis; negative values favor the applicable primary-model reference."
"zero_gleason_exclusion",4,"calibration_intercept",-0.0047561770623918,-0.00474614721124158,-1.00298511502197e-05,-1.00298511502197e-05,"Positive preferred_improvement favors the sensitivity or exploratory analysis; negative values favor the applicable primary-model reference."
"zero_gleason_exclusion",4,"calibration_slope",0.930945087740388,0.930898424635899,4.66631044889754e-05,4.66631044889754e-05,"Positive preferred_improvement favors the sensitivity or exploratory analysis; negative values favor the applicable primary-model reference."
"zero_gleason_exclusion",4,"log_loss",0.518487225999907,0.518487312786579,-8.67866720710708e-08,8.67866720710708e-08,"Positive preferred_improvement favors the sensitivity or exploratory analysis; negative values favor the applicable primary-model reference."
"zero_gleason_exclusion",5,"auc",0.809469862018882,0.809469862018882,0,0,"Positive preferred_improvement favors the sensitivity or exploratory analysis; negative values favor the applicable primary-model reference."
"zero_gleason_exclusion",5,"brier",0.173337446580929,0.173336775433591,6.71147338093814e-07,-6.71147338093814e-07,"Positive preferred_improvement favors the sensitivity or exploratory analysis; negative values favor the applicable primary-model reference."
"zero_gleason_exclusion",5,"calibration_intercept",0.0026460205867596,0.00265570353752945,-9.68295076985651e-06,9.68295076985651e-06,"Positive preferred_improvement favors the sensitivity or exploratory analysis; negative values favor the applicable primary-model reference."
"zero_gleason_exclusion",5,"calibration_slope",0.916966143903469,0.916925059691424,4.10842120450727e-05,4.10842120450727e-05,"Positive preferred_improvement favors the sensitivity or exploratory analysis; negative values favor the applicable primary-model reference."
"zero_gleason_exclusion",5,"log_loss",0.520660824165717,0.52065896880847,1.85535724772645e-06,-1.85535724772645e-06,"Positive preferred_improvement favors the sensitivity or exploratory analysis; negative values favor the applicable primary-model reference."
"zero_gleason_exclusion",6,"auc",0.811561365286856,0.811561365286856,0,0,"Positive preferred_improvement favors the sensitivity or exploratory analysis; negative values favor the applicable primary-model reference."
"zero_gleason_exclusion",6,"brier",0.171804274665124,0.17180372532974,5.49335383792648e-07,-5.49335383792648e-07,"Positive preferred_improvement favors the sensitivity or exploratory analysis; negative values favor the applicable primary-model reference."
"zero_gleason_exclusion",6,"calibration_intercept",0.00851750245233332,0.00852830008673518,-1.07976344018643e-05,1.07976344018643e-05,"Positive preferred_improvement favors the sensitivity or exploratory analysis; negative values favor the applicable primary-model reference."
"zero_gleason_exclusion",6,"calibration_slope",0.939640818573427,0.93959555975422,4.52588192066949e-05,4.52588192066949e-05,"Positive preferred_improvement favors the sensitivity or exploratory analysis; negative values favor the applicable primary-model reference."
"zero_gleason_exclusion",6,"log_loss",0.516688475212876,0.516687113731707,1.36148116880452e-06,-1.36148116880452e-06,"Positive preferred_improvement favors the sensitivity or exploratory analysis; negative values favor the applicable primary-model reference."
"zero_gleason_exclusion",7,"auc",0.809847494553377,0.809847494553377,0,0,"Positive preferred_improvement favors the sensitivity or exploratory analysis; negative values favor the applicable primary-model reference."
"zero_gleason_exclusion",7,"brier",0.173110985982262,0.173110843129351,1.42852910806068e-07,-1.42852910806068e-07,"Positive preferred_improvement favors the sensitivity or exploratory analysis; negative values favor the applicable primary-model reference."
"zero_gleason_exclusion",7,"calibration_intercept",-0.00734104242933319,-0.00733061131268705,-1.04311166461389e-05,-1.04311166461389e-05,"Positive preferred_improvement favors the sensitivity or exploratory analysis; negative values favor the applicable primary-model reference."
"zero_gleason_exclusion",7,"calibration_slope",0.924790047786274,0.924745024756524,4.50230297494025e-05,4.50230297494025e-05,"Positive preferred_improvement favors the sensitivity or exploratory analysis; negative values favor the applicable primary-model reference."
"zero_gleason_exclusion",7,"log_loss",0.519678186992684,0.519677856722616,3.30270067849803e-07,-3.30270067849803e-07,"Positive preferred_improvement favors the sensitivity or exploratory analysis; negative values favor the applicable primary-model reference."
"zero_gleason_exclusion",8,"auc",0.806506899055919,0.806535947712418,-2.90486564996639e-05,-2.90486564996639e-05,"Positive preferred_improvement favors the sensitivity or exploratory analysis; negative values favor the applicable primary-model reference."
"zero_gleason_exclusion",8,"brier",0.174822020883896,0.174820968632064,1.05225183227864e-06,-1.05225183227864e-06,"Positive preferred_improvement favors the sensitivity or exploratory analysis; negative values favor the applicable primary-model reference."
"zero_gleason_exclusion",8,"calibration_intercept",-0.00962730278325325,-0.00961433801321124,-1.296477004201e-05,-1.296477004201e-05,"Positive preferred_improvement favors the sensitivity or exploratory analysis; negative values favor the applicable primary-model reference."
"zero_gleason_exclusion",8,"calibration_slope",0.893913768526172,0.893878899782785,3.48687433869843e-05,3.48687433869843e-05,"Positive preferred_improvement favors the sensitivity or exploratory analysis; negative values favor the applicable primary-model reference."
"zero_gleason_exclusion",8,"log_loss",0.524433033077554,0.524430251332474,2.78174508006046e-06,-2.78174508006046e-06,"Positive preferred_improvement favors the sensitivity or exploratory analysis; negative values favor the applicable primary-model reference."
"zero_gleason_exclusion",9,"auc",0.807843137254902,0.807843137254902,0,0,"Positive preferred_improvement favors the sensitivity or exploratory analysis; negative values favor the applicable primary-model reference."
"zero_gleason_exclusion",9,"brier",0.174174309076151,0.1741741012528,2.07823350972802e-07,-2.07823350972802e-07,"Positive preferred_improvement favors the sensitivity or exploratory analysis; negative values favor the applicable primary-model reference."
"zero_gleason_exclusion",9,"calibration_intercept",-0.00344051171025056,-0.00343048628313749,-1.00254271130696e-05,-1.00254271130696e-05,"Positive preferred_improvement favors the sensitivity or exploratory analysis; negative values favor the applicable primary-model reference."
"zero_gleason_exclusion",9,"calibration_slope",0.919962683982491,0.919915349402621,4.73345798699398e-05,4.73345798699398e-05,"Positive preferred_improvement favors the sensitivity or exploratory analysis; negative values favor the applicable primary-model reference."
"zero_gleason_exclusion",9,"log_loss",0.521922996197476,0.521922414007919,5.82189556896928e-07,-5.82189556896928e-07,"Positive preferred_improvement favors the sensitivity or exploratory analysis; negative values favor the applicable primary-model reference."
