"analysis","repeat_id","metric","estimate"
"dcaps_sensitivity",1,"auc",0.812069908727074
"dcaps_sensitivity",1,"brier",0.172113173511342
"dcaps_sensitivity",1,"log_loss",0.516906160878726
"dcaps_sensitivity",1,"calibration_intercept",0.000451443623447765
"dcaps_sensitivity",1,"calibration_slope",0.91321943273108
"dcaps_sensitivity",2,"auc",0.805217241081455
"dcaps_sensitivity",2,"brier",0.174966933191863
"dcaps_sensitivity",2,"log_loss",0.527020972212674
"dcaps_sensitivity",2,"calibration_intercept",0.00976001590299464
"dcaps_sensitivity",2,"calibration_slope",0.877356213061955
"dcaps_sensitivity",3,"auc",0.808182891365063
"dcaps_sensitivity",3,"brier",0.17319915859456
"dcaps_sensitivity",3,"log_loss",0.51936629976032
"dcaps_sensitivity",3,"calibration_intercept",-0.00175853113105097
"dcaps_sensitivity",3,"calibration_slope",0.902920726023842
"dcaps_sensitivity",4,"auc",0.812069908727074
"dcaps_sensitivity",4,"brier",0.172355366750776
"dcaps_sensitivity",4,"log_loss",0.518271301411058
"dcaps_sensitivity",4,"calibration_intercept",0.000545492109179525
"dcaps_sensitivity",4,"calibration_slope",0.912921373146034
"dcaps_sensitivity",5,"auc",0.81077423627307
"dcaps_sensitivity",5,"brier",0.172456336822079
"dcaps_sensitivity",5,"log_loss",0.519258785744232
"dcaps_sensitivity",5,"calibration_intercept",0.000209794719727922
"dcaps_sensitivity",5,"calibration_slope",0.902507513729074
"dcaps_sensitivity",6,"auc",0.813912642883879
"dcaps_sensitivity",6,"brier",0.170304149845841
"dcaps_sensitivity",6,"log_loss",0.513150486480403
"dcaps_sensitivity",6,"calibration_intercept",0.00934136364383082
"dcaps_sensitivity",6,"calibration_slope",0.934654712455114
"dcaps_sensitivity",7,"auc",0.811638017909073
"dcaps_sensitivity",7,"brier",0.17219625591097
"dcaps_sensitivity",7,"log_loss",0.518912040814758
"dcaps_sensitivity",7,"calibration_intercept",-0.00247619521117176
"dcaps_sensitivity",7,"calibration_slope",0.907351374837833
"dcaps_sensitivity",8,"auc",0.808442025855864
"dcaps_sensitivity",8,"brier",0.173993909773558
"dcaps_sensitivity",8,"log_loss",0.522229538222317
"dcaps_sensitivity",8,"calibration_intercept",-0.010484113193743
"dcaps_sensitivity",8,"calibration_slope",0.883974977561485
"dcaps_sensitivity",9,"auc",0.810140796406668
"dcaps_sensitivity",9,"brier",0.172833421382177
"dcaps_sensitivity",9,"log_loss",0.518862907039611
"dcaps_sensitivity",9,"calibration_intercept",-0.0044628842346419
"dcaps_sensitivity",9,"calibration_slope",0.912225877942427
"dcaps_sensitivity",10,"auc",0.808269269528663
"dcaps_sensitivity",10,"brier",0.175509024557146
"dcaps_sensitivity",10,"log_loss",0.527326479640352
"dcaps_sensitivity",10,"calibration_intercept",-0.0121453906709452
"dcaps_sensitivity",10,"calibration_slope",0.869207102911798
"dcaps_sensitivity",11,"auc",0.807837378710662
"dcaps_sensitivity",11,"brier",0.173442953283399
"dcaps_sensitivity",11,"log_loss",0.520941011758594
"dcaps_sensitivity",11,"calibration_intercept",0.00228928052188548
"dcaps_sensitivity",11,"calibration_slope",0.903370716159784
"dcaps_sensitivity",12,"auc",0.812300250496674
"dcaps_sensitivity",12,"brier",0.171843694109522
"dcaps_sensitivity",12,"log_loss",0.51688429589363
"dcaps_sensitivity",12,"calibration_intercept",-0.000471176747403462
"dcaps_sensitivity",12,"calibration_slope",0.918403168690421
"dcaps_sensitivity",13,"auc",0.811551639745472
"dcaps_sensitivity",13,"brier",0.172278583453632
"dcaps_sensitivity",13,"log_loss",0.517623182600635
"dcaps_sensitivity",13,"calibration_intercept",-0.00424911510237331
"dcaps_sensitivity",13,"calibration_slope",0.928087950271134
"dcaps_sensitivity",14,"auc",0.81057268722467
"dcaps_sensitivity",14,"brier",0.172323646955089
"dcaps_sensitivity",14,"log_loss",0.518279256009217
"dcaps_sensitivity",14,"calibration_intercept",-0.00844375838261998
"dcaps_sensitivity",14,"calibration_slope",0.905261711409989
"dcaps_sensitivity",15,"auc",0.814056606489879
"dcaps_sensitivity",15,"brier",0.171041768290833
"dcaps_sensitivity",15,"log_loss",0.513539661521166
"dcaps_sensitivity",15,"calibration_intercept",-0.00232688946090053
"dcaps_sensitivity",15,"calibration_slope",0.930049035787793
"dcaps_sensitivity",16,"auc",0.808643574904264
"dcaps_sensitivity",16,"brier",0.173364027875547
"dcaps_sensitivity",16,"log_loss",0.521615298625543
"dcaps_sensitivity",16,"calibration_intercept",-0.00218560035690764
"dcaps_sensitivity",16,"calibration_slope",0.896605990290353
"dcaps_sensitivity",17,"auc",0.814632460913881
"dcaps_sensitivity",17,"brier",0.170564759121329
"dcaps_sensitivity",17,"log_loss",0.513003166006275
"dcaps_sensitivity",17,"calibration_intercept",-0.00939588320431745
"dcaps_sensitivity",17,"calibration_slope",0.923618712943334
"dcaps_sensitivity",18,"auc",0.810198381849069
"dcaps_sensitivity",18,"brier",0.172483138819287
"dcaps_sensitivity",18,"log_loss",0.5189046546989
"dcaps_sensitivity",18,"calibration_intercept",0.00491450566196119
"dcaps_sensitivity",18,"calibration_slope",0.904276995609058
"dcaps_sensitivity",19,"auc",0.802050041749446
"dcaps_sensitivity",19,"brier",0.176369266055123
"dcaps_sensitivity",19,"log_loss",0.529732563899641
"dcaps_sensitivity",19,"calibration_intercept",-0.000670330057875393
"dcaps_sensitivity",19,"calibration_slope",0.863163400530283
"dcaps_sensitivity",20,"auc",0.804094324954651
"dcaps_sensitivity",20,"brier",0.174677485090714
"dcaps_sensitivity",20,"log_loss",0.52497044434331
"dcaps_sensitivity",20,"calibration_intercept",-0.00170157006656428
"dcaps_sensitivity",20,"calibration_slope",0.878112149349041
"zero_gleason_exclusion",1,"auc",0.810515613652869
"zero_gleason_exclusion",1,"brier",0.172897872975838
"zero_gleason_exclusion",1,"log_loss",0.518504730778711
"zero_gleason_exclusion",1,"calibration_intercept",-0.00391604972610231
"zero_gleason_exclusion",1,"calibration_slope",0.926321325025194
"zero_gleason_exclusion",2,"auc",0.803543936092956
"zero_gleason_exclusion",2,"brier",0.176319211385605
"zero_gleason_exclusion",2,"log_loss",0.529525638273181
"zero_gleason_exclusion",2,"calibration_intercept",0.0100167258617436
"zero_gleason_exclusion",2,"calibration_slope",0.885867134043691
"zero_gleason_exclusion",3,"auc",0.805838779956427
"zero_gleason_exclusion",3,"brier",0.174883379259081
"zero_gleason_exclusion",3,"log_loss",0.522985495555876
"zero_gleason_exclusion",3,"calibration_intercept",-0.000714016409786271
"zero_gleason_exclusion",3,"calibration_slope",0.907495107500044
"zero_gleason_exclusion",4,"auc",0.811474219317357
"zero_gleason_exclusion",4,"brier",0.172748355961745
"zero_gleason_exclusion",4,"log_loss",0.518487225999907
"zero_gleason_exclusion",4,"calibration_intercept",-0.0047561770623918
"zero_gleason_exclusion",4,"calibration_slope",0.930945087740388
"zero_gleason_exclusion",5,"auc",0.809469862018882
"zero_gleason_exclusion",5,"brier",0.173337446580929
"zero_gleason_exclusion",5,"log_loss",0.520660824165717
"zero_gleason_exclusion",5,"calibration_intercept",0.0026460205867596
"zero_gleason_exclusion",5,"calibration_slope",0.916966143903469
"zero_gleason_exclusion",6,"auc",0.811561365286856
"zero_gleason_exclusion",6,"brier",0.171804274665124
"zero_gleason_exclusion",6,"log_loss",0.516688475212876
"zero_gleason_exclusion",6,"calibration_intercept",0.00851750245233332
"zero_gleason_exclusion",6,"calibration_slope",0.939640818573427
"zero_gleason_exclusion",7,"auc",0.809847494553377
"zero_gleason_exclusion",7,"brier",0.173110985982262
"zero_gleason_exclusion",7,"log_loss",0.519678186992684
"zero_gleason_exclusion",7,"calibration_intercept",-0.00734104242933319
"zero_gleason_exclusion",7,"calibration_slope",0.924790047786274
"zero_gleason_exclusion",8,"auc",0.806506899055919
"zero_gleason_exclusion",8,"brier",0.174822020883896
"zero_gleason_exclusion",8,"log_loss",0.524433033077554
"zero_gleason_exclusion",8,"calibration_intercept",-0.00962730278325325
"zero_gleason_exclusion",8,"calibration_slope",0.893913768526172
"zero_gleason_exclusion",9,"auc",0.807843137254902
"zero_gleason_exclusion",9,"brier",0.174174309076151
"zero_gleason_exclusion",9,"log_loss",0.521922996197476
"zero_gleason_exclusion",9,"calibration_intercept",-0.00344051171025056
"zero_gleason_exclusion",9,"calibration_slope",0.919962683982491
"zero_gleason_exclusion",10,"auc",0.807058823529412
"zero_gleason_exclusion",10,"brier",0.175503310222919
"zero_gleason_exclusion",10,"log_loss",0.525017947706431
"zero_gleason_exclusion",10,"calibration_intercept",-0.0101801672236066
"zero_gleason_exclusion",10,"calibration_slope",0.901184093272083
"zero_gleason_exclusion",11,"auc",0.80560639070443
"zero_gleason_exclusion",11,"brier",0.174997505283354
"zero_gleason_exclusion",11,"log_loss",0.524498151333431
"zero_gleason_exclusion",11,"calibration_intercept",0.00236551593975883
"zero_gleason_exclusion",11,"calibration_slope",0.906644472076552
"zero_gleason_exclusion",12,"auc",0.810108932461874
"zero_gleason_exclusion",12,"brier",0.173089508158483
"zero_gleason_exclusion",12,"log_loss",0.519405343676311
"zero_gleason_exclusion",12,"calibration_intercept",-0.00340398102531395
"zero_gleason_exclusion",12,"calibration_slope",0.927396673865945
"zero_gleason_exclusion",13,"auc",0.808976034858388
"zero_gleason_exclusion",13,"brier",0.173784027886959
"zero_gleason_exclusion",13,"log_loss",0.521062041510075
"zero_gleason_exclusion",13,"calibration_intercept",-0.00834507147403327
"zero_gleason_exclusion",13,"calibration_slope",0.931074919877361
"zero_gleason_exclusion",14,"auc",0.808046477850399
"zero_gleason_exclusion",14,"brier",0.173745535899072
"zero_gleason_exclusion",14,"log_loss",0.521787060870014
"zero_gleason_exclusion",14,"calibration_intercept",-0.0064006162991456
"zero_gleason_exclusion",14,"calibration_slope",0.912236222956892
"zero_gleason_exclusion",15,"auc",0.810893246187364
"zero_gleason_exclusion",15,"brier",0.173032545963308
"zero_gleason_exclusion",15,"log_loss",0.518077762744998
"zero_gleason_exclusion",15,"calibration_intercept",-0.002490790532413
"zero_gleason_exclusion",15,"calibration_slope",0.930301833014153
"zero_gleason_exclusion",16,"auc",0.806768336964415
"zero_gleason_exclusion",16,"brier",0.17450626200002
"zero_gleason_exclusion",16,"log_loss",0.523897914571475
"zero_gleason_exclusion",16,"calibration_intercept",-0.0015071832909403
"zero_gleason_exclusion",16,"calibration_slope",0.907979158084899
"zero_gleason_exclusion",17,"auc",0.812490922294844
"zero_gleason_exclusion",17,"brier",0.171909546784832
"zero_gleason_exclusion",17,"log_loss",0.515928559541833
"zero_gleason_exclusion",17,"calibration_intercept",-0.00990155109900481
"zero_gleason_exclusion",17,"calibration_slope",0.932258187998656
"zero_gleason_exclusion",18,"auc",0.808249818445897
"zero_gleason_exclusion",18,"brier",0.173701123113394
"zero_gleason_exclusion",18,"log_loss",0.521963142768727
"zero_gleason_exclusion",18,"calibration_intercept",0.00309335976060967
"zero_gleason_exclusion",18,"calibration_slope",0.911503119745198
"zero_gleason_exclusion",19,"auc",0.801336238198983
"zero_gleason_exclusion",19,"brier",0.176664506798349
"zero_gleason_exclusion",19,"log_loss",0.529431176234576
"zero_gleason_exclusion",19,"calibration_intercept",-0.00396058202744431
"zero_gleason_exclusion",19,"calibration_slope",0.881466801366637
"zero_gleason_exclusion",20,"auc",0.803311546840959
"zero_gleason_exclusion",20,"brier",0.175256184996194
"zero_gleason_exclusion",20,"log_loss",0.525922835385152
"zero_gleason_exclusion",20,"calibration_intercept",-0.00491945986203041
"zero_gleason_exclusion",20,"calibration_slope",0.890733471390592
"volume_exploratory",1,"auc",0.817195013100688
"volume_exploratory",1,"brier",0.169948021012487
"volume_exploratory",1,"log_loss",0.512898216871073
"volume_exploratory",1,"calibration_intercept",-0.00607685611238438
"volume_exploratory",1,"calibration_slope",0.915059969477484
"volume_exploratory",2,"auc",0.805246033802655
"volume_exploratory",2,"brier",0.175627935073109
"volume_exploratory",2,"log_loss",0.529262326683668
"volume_exploratory",2,"calibration_intercept",0.00924953496335209
"volume_exploratory",2,"calibration_slope",0.853458481810842
"volume_exploratory",3,"auc",0.812242665054274
"volume_exploratory",3,"brier",0.172509317783035
"volume_exploratory",3,"log_loss",0.519080080535233
"volume_exploratory",3,"calibration_intercept",0.00484261972885164
"volume_exploratory",3,"calibration_slope",0.887712346553473
"volume_exploratory",4,"auc",0.817396562149089
"volume_exploratory",4,"brier",0.169974652467292
"volume_exploratory",4,"log_loss",0.513347806093171
"volume_exploratory",4,"calibration_intercept",-0.000948386805105112
"volume_exploratory",4,"calibration_slope",0.915030193958455
"volume_exploratory",5,"auc",0.812789726757076
"volume_exploratory",5,"brier",0.172074051350314
"volume_exploratory",5,"log_loss",0.520179703986146
"volume_exploratory",5,"calibration_intercept",0.00342562114968946
"volume_exploratory",5,"calibration_slope",0.885548069118276
"volume_exploratory",6,"auc",0.818692234603092
"volume_exploratory",6,"brier",0.169215205572044
"volume_exploratory",6,"log_loss",0.512258281170658
"volume_exploratory",6,"calibration_intercept",0.0108065070843254
"volume_exploratory",6,"calibration_slope",0.922573048653807
"volume_exploratory",7,"auc",0.814718839077481
"volume_exploratory",7,"brier",0.171427599484339
"volume_exploratory",7,"log_loss",0.516462937982905
"volume_exploratory",7,"calibration_intercept",-0.010991454501427
"volume_exploratory",7,"calibration_slope",0.901199366024017
"volume_exploratory",8,"auc",0.81071665083067
"volume_exploratory",8,"brier",0.173270131907173
"volume_exploratory",8,"log_loss",0.521964341172842
"volume_exploratory",8,"calibration_intercept",-0.0232493921507903
"volume_exploratory",8,"calibration_slope",0.874200941374837
"volume_exploratory",9,"auc",0.812703348593476
"volume_exploratory",9,"brier",0.171876119801769
"volume_exploratory",9,"log_loss",0.518367334846485
"volume_exploratory",9,"calibration_intercept",-0.00579744959698159
"volume_exploratory",9,"calibration_slope",0.897181612721835
"volume_exploratory",10,"auc",0.811638017909073
"volume_exploratory",10,"brier",0.172954226257217
"volume_exploratory",10,"log_loss",0.520162189042118
"volume_exploratory",10,"calibration_intercept",-0.0117631481773425
"volume_exploratory",10,"calibration_slope",0.886936683370592
"volume_exploratory",11,"auc",0.810169589127869
"volume_exploratory",11,"brier",0.173284040519275
"volume_exploratory",11,"log_loss",0.521208007710717
"volume_exploratory",11,"calibration_intercept",-0.00086814203247019
"volume_exploratory",11,"calibration_slope",0.884379467874736
"volume_exploratory",12,"auc",0.815755377040684
"volume_exploratory",12,"brier",0.170498680643033
"volume_exploratory",12,"log_loss",0.514308170671288
"volume_exploratory",12,"calibration_intercept",-0.00284974574723932
"volume_exploratory",12,"calibration_slope",0.912905558901463
"volume_exploratory",13,"auc",0.813221617575077
"volume_exploratory",13,"brier",0.171184253733599
"volume_exploratory",13,"log_loss",0.515967487977654
"volume_exploratory",13,"calibration_intercept",-0.00179396375381805
"volume_exploratory",13,"calibration_slope",0.915058435033738
"volume_exploratory",14,"auc",0.811090956206271
"volume_exploratory",14,"brier",0.172623015045102
"volume_exploratory",14,"log_loss",0.520687836363497
"volume_exploratory",14,"calibration_intercept",0.000558619330788962
"volume_exploratory",14,"calibration_slope",0.87971645439821
"volume_exploratory",15,"auc",0.814632460913881
"volume_exploratory",15,"brier",0.17189276481103
"volume_exploratory",15,"log_loss",0.516769243231077
"volume_exploratory",15,"calibration_intercept",-0.00542104739180225
"volume_exploratory",15,"calibration_slope",0.894823020281531
"volume_exploratory",16,"auc",0.813279203017477
"volume_exploratory",16,"brier",0.171746036337266
"volume_exploratory",16,"log_loss",0.518120782139344
"volume_exploratory",16,"calibration_intercept",-0.00268176732789579
"volume_exploratory",16,"calibration_slope",0.897522500401919
"volume_exploratory",17,"auc",0.816100889695085
"volume_exploratory",17,"brier",0.169979126539413
"volume_exploratory",17,"log_loss",0.51240990338575
"volume_exploratory",17,"calibration_intercept",-0.0106549936260451
"volume_exploratory",17,"calibration_slope",0.910816502653554
"volume_exploratory",18,"auc",0.814834009962282
"volume_exploratory",18,"brier",0.170588005793633
"volume_exploratory",18,"log_loss",0.515980153653707
"volume_exploratory",18,"calibration_intercept",0.00380535580353224
"volume_exploratory",18,"calibration_slope",0.900653693316683
"volume_exploratory",19,"auc",0.805764302784256
"volume_exploratory",19,"brier",0.17510389983885
"volume_exploratory",19,"log_loss",0.526850816387595
"volume_exploratory",19,"calibration_intercept",-0.000486977466209644
"volume_exploratory",19,"calibration_slope",0.856460390244597
"volume_exploratory",20,"auc",0.808989087558665
"volume_exploratory",20,"brier",0.173373264633681
"volume_exploratory",20,"log_loss",0.523987096366675
"volume_exploratory",20,"calibration_intercept",-0.00453749642638669
"volume_exploratory",20,"calibration_slope",0.862285585538141
